"","Country.Region","date","retail_and_recreation_percent_change_from_baseline","grocery_and_pharmacy_percent_change_from_baseline","parks_percent_change_from_baseline","transit_stations_percent_change_from_baseline","workplaces_percent_change_from_baseline","residential_percent_change_from_baseline","CumCaseNumber","IncCaseNumber","Continent","NumDate","CountryName","Date","StringencyIndex"
"1","Denmark",2020-02-15,-2,-1,-4,2,-6,0,0,0,"EU",0,"Denmark",2020-02-15,0
"2","Denmark",2020-02-16,-7,-7,-33,-5,-6,1,0,0,"EU",1,"Denmark",2020-02-16,0
"3","Denmark",2020-02-17,-3,-1,0,-3,-2,1,0,0,"EU",2,"Denmark",2020-02-17,0
"4","Denmark",2020-02-18,1,1,9,-1,-1,1,0,0,"EU",3,"Denmark",2020-02-18,0
"5","Denmark",2020-02-19,0,0,12,-2,-1,1,0,0,"EU",4,"Denmark",2020-02-19,0
"6","Denmark",2020-02-20,1,-1,-3,-1,-2,1,0,0,"EU",5,"Denmark",2020-02-20,0
"7","Denmark",2020-02-21,1,1,15,-1,-3,1,0,0,"EU",6,"Denmark",2020-02-21,0
"8","Denmark",2020-02-22,-6,-3,-24,-4,-3,1,0,0,"EU",7,"Denmark",2020-02-22,0
"9","Denmark",2020-02-23,1,-2,-9,0,0,0,0,0,"EU",8,"Denmark",2020-02-23,0
"10","Denmark",2020-02-24,-2,-1,12,2,2,0,0,0,"EU",9,"Denmark",2020-02-24,0
"11","Denmark",2020-02-25,-3,-3,-4,1,3,1,0,0,"EU",10,"Denmark",2020-02-25,0
"12","Denmark",2020-02-26,-2,-2,1,0,3,1,0,0,"EU",11,"Denmark",2020-02-26,0
"13","Denmark",2020-02-27,2,1,21,2,3,0,0,0,"EU",12,"Denmark",2020-02-27,11.11
"14","Denmark",2020-02-28,17,1,23,6,2,-1,0,0,"EU",13,"Denmark",2020-02-28,11.11
"15","Denmark",2020-02-29,10,-4,-17,5,0,0,0,0,"EU",14,"Denmark",2020-02-29,11.11
"16","Denmark",2020-03-01,21,-7,-5,5,1,0,0,0,"EU",15,"Denmark",2020-03-01,11.11
"17","Denmark",2020-03-02,11,-5,28,1,2,0,0,0,"EU",16,"Denmark",2020-03-02,11.11
"18","Denmark",2020-03-03,10,-5,9,-1,2,0,0,0,"EU",17,"Denmark",2020-03-03,20.37
"19","Denmark",2020-03-04,9,-5,16,1,2,0,0,0,"EU",18,"Denmark",2020-03-04,20.37
"20","Denmark",2020-03-05,10,-3,30,-1,2,0,0,0,"EU",19,"Denmark",2020-03-05,20.37
"21","Denmark",2020-03-06,7,-3,11,-2,1,0,0,0,"EU",20,"Denmark",2020-03-06,25.93
"22","Denmark",2020-03-07,10,-2,47,7,1,-1,0,0,"EU",21,"Denmark",2020-03-07,25.93
"23","Denmark",2020-03-08,11,-8,-7,-1,-2,0,0,0,"EU",22,"Denmark",2020-03-08,25.93
"24","Denmark",2020-03-09,5,-5,14,-3,0,1,0,0,"EU",23,"Denmark",2020-03-09,25.93
"25","Denmark",2020-03-10,3,-4,-6,-7,0,2,0,0,"EU",24,"Denmark",2020-03-10,31.48
"26","Denmark",2020-03-11,5,5,25,-10,-1,2,0,0,"EU",25,"Denmark",2020-03-11,37.96
"27","Denmark",2020-03-12,-11,22,-16,-36,-28,12,0,0,"EU",26,"Denmark",2020-03-12,37.96
"28","Denmark",2020-03-13,-28,-7,2,-48,-44,16,0,0,"EU",27,"Denmark",2020-03-13,62.96
"29","Denmark",2020-03-14,-31,-9,86,-36,-16,8,1,0.172486386080763,"EU",28,"Denmark",2020-03-14,65.74
"30","Denmark",2020-03-15,-33,-24,-8,-50,-22,8,2,0.172486386080763,"EU",29,"Denmark",2020-03-15,65.74
"31","Denmark",2020-03-16,-24,-14,50,-52,-50,17,3,0.172486386080763,"EU",30,"Denmark",2020-03-16,65.74
"32","Denmark",2020-03-17,-25,-4,38,-55,-52,18,4,0.172486386080763,"EU",31,"Denmark",2020-03-17,65.74
"33","Denmark",2020-03-18,-41,-21,11,-61,-54,20,4,0,"EU",32,"Denmark",2020-03-18,72.22
"34","Denmark",2020-03-19,-39,-20,104,-58,-55,19,6,0.344972772161525,"EU",33,"Denmark",2020-03-19,72.22
"35","Denmark",2020-03-20,-44,-22,64,-62,-56,21,9,0.517459158242288,"EU",34,"Denmark",2020-03-20,72.22
"36","Denmark",2020-03-21,-48,-21,85,-55,-27,11,13,0.68994554432305,"EU",35,"Denmark",2020-03-21,72.22
"37","Denmark",2020-03-22,-38,-25,49,-60,-28,9,13,0,"EU",36,"Denmark",2020-03-22,72.22
"38","Denmark",2020-03-23,-36,-20,54,-60,-55,19,24,1.89735024688839,"EU",37,"Denmark",2020-03-23,72.22
"39","Denmark",2020-03-24,-36,-18,61,-60,-55,19,32,1.3798910886461,"EU",38,"Denmark",2020-03-24,72.22
"40","Denmark",2020-03-25,-37,-18,67,-59,-55,19,34,0.344972772161525,"EU",39,"Denmark",2020-03-25,72.22
"41","Denmark",2020-03-26,-36,-17,91,-59,-55,19,41,1.20740470256534,"EU",40,"Denmark",2020-03-26,72.22
"42","Denmark",2020-03-27,-39,-18,96,-61,-55,19,52,1.89735024688839,"EU",41,"Denmark",2020-03-27,72.22
"43","Denmark",2020-03-28,-43,-14,79,-56,-28,10,65,2.24232301904991,"EU",42,"Denmark",2020-03-28,72.22
"44","Denmark",2020-03-29,-37,-22,35,-60,-28,9,72,1.20740470256534,"EU",43,"Denmark",2020-03-29,72.22
"45","Denmark",2020-03-30,-33,-18,53,-59,-54,18,77,0.862431930403813,"EU",44,"Denmark",2020-03-30,72.22
"46","Denmark",2020-03-31,-23,-4,70,-54,-53,17,90,2.24232301904991,"EU",45,"Denmark",2020-03-31,72.22
"47","Denmark",2020-04-01,-32,-12,13,-58,-54,19,104,2.41480940513068,"EU",46,"Denmark",2020-04-01,72.22
"48","Denmark",2020-04-02,-34,-13,11,-61,-55,20,123,3.27724133553449,"EU",47,"Denmark",2020-04-02,72.22
"49","Denmark",2020-04-03,-35,-10,32,-61,-55,19,139,2.7597821772922,"EU",48,"Denmark",2020-04-03,72.22
"50","Denmark",2020-04-04,-38,-8,59,-53,-25,10,161,3.79470049377678,"EU",49,"Denmark",2020-04-04,72.22
"51","Denmark",2020-04-05,-22,-12,118,-49,-23,7,179,3.10475494945373,"EU",50,"Denmark",2020-04-05,72.22
"52","Denmark",2020-04-06,-15,-5,161,-52,-59,16,187,1.3798910886461,"EU",51,"Denmark",2020-04-06,72.22
"53","Denmark",2020-04-07,-13,4,167,-51,-59,16,203,2.7597821772922,"EU",52,"Denmark",2020-04-07,72.22
"54","Denmark",2020-04-08,-9,11,131,-51,-60,15,218,2.58729579121144,"EU",53,"Denmark",2020-04-08,72.22
"55","Denmark",2020-04-09,-40,-16,188,-62,-82,22,237,3.27724133553449,"EU",54,"Denmark",2020-04-09,72.22
"56","Denmark",2020-04-10,-60,-36,172,-65,-82,24,247,1.72486386080763,"EU",55,"Denmark",2020-04-10,72.22
"57","Denmark",2020-04-11,-31,4,50,-52,-23,8,260,2.24232301904991,"EU",56,"Denmark",2020-04-11,72.22
"58","Denmark",2020-04-12,-36,-20,123,-47,-23,6,273,2.24232301904991,"EU",57,"Denmark",2020-04-12,72.22
"59","Denmark",2020-04-13,-56,-30,107,-65,-84,24,285,2.06983663296915,"EU",58,"Denmark",2020-04-13,72.22
"60","Denmark",2020-04-14,-15,4,65,-53,-49,16,299,2.41480940513068,"EU",59,"Denmark",2020-04-14,72.22
"61","Denmark",2020-04-15,-23,-5,58,-51,-48,17,309,1.72486386080763,"EU",60,"Denmark",2020-04-15,68.52
"62","Denmark",2020-04-16,-23,-4,95,-50,-47,16,321,2.06983663296915,"EU",61,"Denmark",2020-04-16,68.52
"63","Denmark",2020-04-17,-26,-6,127,-50,-45,15,336,2.58729579121144,"EU",62,"Denmark",2020-04-17,68.52
"64","Denmark",2020-04-18,-33,-5,121,-43,-14,7,346,1.72486386080763,"EU",63,"Denmark",2020-04-18,68.52
"65","Denmark",2020-04-19,-21,-12,127,-43,-14,5,355,1.55237747472686,"EU",64,"Denmark",2020-04-19,68.52
"66","Denmark",2020-04-20,-14,-5,126,-42,-41,13,364,1.55237747472686,"EU",65,"Denmark",2020-04-20,68.52
"67","Denmark",2020-04-21,-15,-2,142,-40,-39,13,370,1.03491831648458,"EU",66,"Denmark",2020-04-21,68.52
"68","Denmark",2020-04-22,-18,-4,137,-40,-39,12,384,2.41480940513068,"EU",67,"Denmark",2020-04-22,68.52
"69","Denmark",2020-04-23,-18,-3,171,-40,-39,12,394,1.72486386080763,"EU",68,"Denmark",2020-04-23,68.52
"70","Denmark",2020-04-24,-25,-5,117,-46,-40,13,403,1.55237747472686,"EU",69,"Denmark",2020-04-24,68.52
"71","Denmark",2020-04-25,-29,-3,123,-40,-13,6,418,2.58729579121144,"EU",70,"Denmark",2020-04-25,68.52
"72","Denmark",2020-04-26,-22,-12,80,-45,-16,5,422,0.68994554432305,"EU",71,"Denmark",2020-04-26,68.52
"73","Denmark",2020-04-27,-20,-9,55,-44,-39,13,427,0.862431930403813,"EU",72,"Denmark",2020-04-27,68.52
"74","Denmark",2020-04-28,-20,-6,99,-39,-37,11,434,1.20740470256534,"EU",73,"Denmark",2020-04-28,68.52
"75","Denmark",2020-04-29,-26,-9,15,-45,-38,14,443,1.55237747472686,"EU",74,"Denmark",2020-04-29,68.52
"76","Denmark",2020-04-30,-28,-1,11,-44,-39,14,452,1.55237747472686,"EU",75,"Denmark",2020-04-30,68.52
"77","Denmark",2020-05-01,-29,0,68,-46,-49,16,460,1.3798910886461,"EU",76,"Denmark",2020-05-01,68.52
"78","Denmark",2020-05-02,-34,0,54,-40,-14,7,475,2.58729579121144,"EU",77,"Denmark",2020-05-02,68.52
"79","Denmark",2020-05-03,-20,-7,106,-35,-9,4,484,1.55237747472686,"EU",78,"Denmark",2020-05-03,68.52
"80","Denmark",2020-05-04,-21,-2,83,-37,-35,11,493,1.55237747472686,"EU",79,"Denmark",2020-05-04,68.52
"81","Denmark",2020-05-05,-22,0,96,-35,-33,11,503,1.72486386080763,"EU",80,"Denmark",2020-05-05,68.52
"82","Denmark",2020-05-06,-22,2,77,-35,-33,11,506,0.517459158242288,"EU",81,"Denmark",2020-05-06,68.52
"83","Denmark",2020-05-07,-12,17,150,-31,-33,7,514,1.3798910886461,"EU",82,"Denmark",2020-05-07,68.52
"84","Denmark",2020-05-08,-56,-30,226,-51,-78,19,522,1.3798910886461,"EU",83,"Denmark",2020-05-08,65.74
"85","Denmark",2020-05-09,-22,11,173,-27,-6,3,526,0.68994554432305,"EU",84,"Denmark",2020-05-09,65.74
"86","Denmark",2020-05-10,-17,1,78,-33,-5,2,529,0.517459158242288,"EU",85,"Denmark",2020-05-10,65.74
"87","Denmark",2020-05-11,-16,1,62,-35,-32,11,533,0.68994554432305,"EU",86,"Denmark",2020-05-11,65.74
"88","Denmark",2020-05-12,-21,1,42,-36,-31,11,527,0,"EU",87,"Denmark",2020-05-12,65.74
"89","Denmark",2020-05-13,-20,1,82,-33,-30,11,533,1.03491831648458,"EU",88,"Denmark",2020-05-13,65.74
"90","Denmark",2020-05-14,-19,1,77,-35,-30,9,537,0.68994554432305,"EU",89,"Denmark",2020-05-14,65.74
"91","Denmark",2020-05-15,-25,-2,57,-39,-31,10,537,0,"EU",90,"Denmark",2020-05-15,65.74
"92","Denmark",2020-05-16,-30,0,38,-37,-8,6,543,1.03491831648458,"EU",91,"Denmark",2020-05-16,65.74
"93","Denmark",2020-05-17,-22,-6,33,-41,-7,5,547,0.68994554432305,"EU",92,"Denmark",2020-05-17,65.74
"94","Denmark",2020-05-18,-13,-3,32,-32,-25,9,548,0.172486386080763,"EU",93,"Denmark",2020-05-18,65.74
"95","Denmark",2020-05-19,-9,3,103,-26,-22,8,551,0.517459158242288,"EU",94,"Denmark",2020-05-19,65.74
"96","Denmark",2020-05-20,6,15,172,-18,-22,4,554,0.517459158242288,"EU",95,"Denmark",2020-05-20,65.74
"97","Denmark",2020-05-21,-38,-21,337,-42,-77,16,561,1.20740470256534,"EU",96,"Denmark",2020-05-21,65.74
"98","Denmark",2020-05-22,-7,2,144,-44,-60,14,561,0,"EU",97,"Denmark",2020-05-22,60.19
"99","Denmark",2020-05-23,-17,-1,121,-28,2,3,561,0,"EU",98,"Denmark",2020-05-23,60.19
"100","Denmark",2020-05-24,-15,-8,15,-36,-3,2,562,0.172486386080763,"EU",99,"Denmark",2020-05-24,60.19
"101","Denmark",2020-05-25,-5,-1,107,-27,-24,7,563,0.172486386080763,"EU",100,"Denmark",2020-05-25,57.41
"102","Denmark",2020-05-26,-4,0,156,-22,-20,6,563,0,"EU",101,"Denmark",2020-05-26,57.41
"103","Denmark",2020-05-27,-6,0,90,-24,-19,7,565,0.344972772161525,"EU",102,"Denmark",2020-05-27,57.41
"104","Denmark",2020-05-28,-2,4,152,-22,-19,6,568,0.517459158242288,"EU",103,"Denmark",2020-05-28,57.41
"105","Denmark",2020-05-29,2,9,200,-18,-18,3,568,0,"EU",104,"Denmark",2020-05-29,57.41
"106","Denmark",2020-05-30,-3,12,209,-7,13,-1,571,0.517459158242288,"EU",105,"Denmark",2020-05-30,57.41
"107","Denmark",2020-05-31,-20,-11,235,-12,5,-1,574,0.517459158242288,"EU",106,"Denmark",2020-05-31,57.41
"108","Denmark",2020-06-01,-31,-16,372,-35,-77,13,576,0.344972772161525,"EU",107,"Denmark",2020-06-01,57.41
"109","Denmark",2020-06-02,15,22,202,-14,-19,3,580,0.68994554432305,"EU",108,"Denmark",2020-06-02,57.41
"110","Denmark",2020-06-03,5,9,133,-17,-19,5,580,0,"EU",109,"Denmark",2020-06-03,57.41
"111","Denmark",2020-06-04,10,17,71,-18,-20,4,582,0.344972772161525,"EU",110,"Denmark",2020-06-04,57.41
"112","Denmark",2020-06-05,-37,-25,143,-40,-63,15,586,0.68994554432305,"EU",111,"Denmark",2020-06-05,57.41
"113","Denmark",2020-06-06,-1,14,55,-23,4,3,587,0.172486386080763,"EU",112,"Denmark",2020-06-06,57.41
"114","Denmark",2020-06-07,0,-5,87,-21,6,1,589,0.344972772161525,"EU",113,"Denmark",2020-06-07,57.41
"115","Denmark",2020-06-08,5,2,99,-21,-19,5,593,0.68994554432305,"EU",114,"Denmark",2020-06-08,57.41
"116","Denmark",2020-06-09,4,4,126,-18,-18,4,593,0,"EU",115,"Denmark",2020-06-09,57.41
"117","Denmark",2020-06-10,2,2,115,-19,-18,5,593,0,"EU",116,"Denmark",2020-06-10,57.41
"118","Denmark",2020-06-11,4,4,112,-21,-19,5,593,0,"EU",117,"Denmark",2020-06-11,57.41
"119","Denmark",2020-06-12,-1,0,106,-21,-18,4,594,0.172486386080763,"EU",118,"Denmark",2020-06-12,57.41
"120","Denmark",2020-06-13,-6,0,117,-14,10,0,597,0.517459158242288,"EU",119,"Denmark",2020-06-13,57.41
"121","Denmark",2020-06-14,7,-2,170,-13,13,-1,597,0,"EU",120,"Denmark",2020-06-14,57.41
"122","Denmark",2020-06-15,11,5,219,-14,-18,3,598,0.172486386080763,"EU",121,"Denmark",2020-06-15,57.41
"123","Denmark",2020-06-16,11,8,237,-12,-17,2,598,0,"EU",122,"Denmark",2020-06-16,57.41
"124","Denmark",2020-06-17,8,5,205,-12,-17,3,598,0,"EU",123,"Denmark",2020-06-17,57.41
"125","Denmark",2020-06-18,9,5,206,-16,-18,2,600,0.344972772161525,"EU",124,"Denmark",2020-06-18,57.41
"126","Denmark",2020-06-19,-1,0,127,-20,-19,3,600,0,"EU",125,"Denmark",2020-06-19,57.41
"127","Denmark",2020-06-20,-7,1,91,-16,6,0,600,0,"EU",126,"Denmark",2020-06-20,57.41
"128","Denmark",2020-06-21,6,-2,136,-16,8,-1,600,0,"EU",127,"Denmark",2020-06-21,57.41
"129","Denmark",2020-06-22,14,5,163,-16,-21,3,602,0.344972772161525,"EU",128,"Denmark",2020-06-22,57.41
"130","Denmark",2020-06-23,13,8,267,-10,-19,0,603,0.172486386080763,"EU",129,"Denmark",2020-06-23,57.41
"131","Denmark",2020-06-24,10,4,244,-10,-18,2,603,0,"EU",130,"Denmark",2020-06-24,57.41
"132","Denmark",2020-06-25,12,8,288,-11,-19,1,603,0,"EU",131,"Denmark",2020-06-25,57.41
"133","Denmark",2020-06-26,1,0,288,-14,-19,0,604,0.172486386080763,"EU",132,"Denmark",2020-06-26,57.41
"134","Denmark",2020-06-27,-6,1,233,1,5,-4,604,0,"EU",133,"Denmark",2020-06-27,57.41
"135","Denmark",2020-06-28,3,-2,102,-15,3,-1,604,0,"EU",134,"Denmark",2020-06-28,57.41
"136","Denmark",2020-06-29,15,4,185,-17,-29,4,605,0.172486386080763,"EU",135,"Denmark",2020-06-29,57.41
"137","Denmark",2020-06-30,23,13,127,-17,-29,4,605,0,"EU",136,"Denmark",2020-06-30,57.41
"138","Denmark",2020-07-01,20,7,177,-14,-29,3,606,0.172486386080763,"EU",137,"Denmark",2020-07-01,57.41
"139","Denmark",2020-07-02,20,8,224,-15,-31,3,606,0,"EU",138,"Denmark",2020-07-02,57.41
"140","Denmark",2020-07-03,6,-1,158,-18,-32,3,606,0,"EU",139,"Denmark",2020-07-03,57.41
"141","Denmark",2020-07-04,-6,-2,66,-11,-5,-1,606,0,"EU",140,"Denmark",2020-07-04,57.41
"142","Denmark",2020-07-05,9,-3,90,-15,-4,0,606,0,"EU",141,"Denmark",2020-07-05,57.41
"143","Denmark",2020-07-06,22,5,184,-21,-42,6,607,0.172486386080763,"EU",142,"Denmark",2020-07-06,57.41
"144","Denmark",2020-07-07,23,6,220,-18,-41,5,609,0.344972772161525,"EU",143,"Denmark",2020-07-07,57.41
"145","Denmark",2020-07-08,22,3,245,-16,-40,4,609,0,"EU",144,"Denmark",2020-07-08,54.63
"146","Denmark",2020-07-09,19,3,288,-16,-40,4,609,0,"EU",145,"Denmark",2020-07-09,54.63
"147","Denmark",2020-07-10,3,-4,187,-24,-41,5,609,0,"EU",146,"Denmark",2020-07-10,54.63
"148","Denmark",2020-07-11,0,-1,192,2,-3,-3,609,0,"EU",147,"Denmark",2020-07-11,54.63
"149","Denmark",2020-07-12,12,-3,178,-7,-5,-2,609,0,"EU",148,"Denmark",2020-07-12,54.63
"150","Denmark",2020-07-13,29,6,358,-16,-53,6,610,0.172486386080763,"EU",149,"Denmark",2020-07-13,54.63
"151","Denmark",2020-07-14,26,6,301,-19,-53,7,610,0,"EU",150,"Denmark",2020-07-14,54.63
"152","Denmark",2020-07-15,24,3,307,-20,-52,7,610,0,"EU",151,"Denmark",2020-07-15,54.63
"153","Denmark",2020-07-16,23,4,383,-17,-52,6,610,0,"EU",152,"Denmark",2020-07-16,54.63
"154","Denmark",2020-07-17,6,-6,384,-19,-52,4,611,0.172486386080763,"EU",153,"Denmark",2020-07-17,54.63
"155","Denmark",2020-07-18,-1,-3,302,8,-4,-5,611,0,"EU",154,"Denmark",2020-07-18,54.63
"156","Denmark",2020-07-19,12,-3,236,-5,-6,-3,611,0,"EU",155,"Denmark",2020-07-19,54.63
"157","Denmark",2020-07-20,32,9,370,-18,-56,6,611,0,"EU",156,"Denmark",2020-07-20,54.63
"158","Denmark",2020-07-21,33,9,406,-17,-56,6,611,0,"EU",157,"Denmark",2020-07-21,54.63
"159","Denmark",2020-07-22,28,4,365,-18,-55,6,611,0,"EU",158,"Denmark",2020-07-22,54.63
"160","Denmark",2020-07-23,22,3,340,-22,-55,7,612,0.172486386080763,"EU",159,"Denmark",2020-07-23,54.63
"161","Denmark",2020-07-24,5,-5,260,-28,-55,8,613,0.172486386080763,"EU",160,"Denmark",2020-07-24,54.63
"162","Denmark",2020-07-25,0,-4,257,5,-5,-3,613,0,"EU",161,"Denmark",2020-07-25,54.63
"163","Denmark",2020-07-26,9,-5,134,-13,-9,0,613,0,"EU",162,"Denmark",2020-07-26,54.63
"164","Denmark",2020-07-27,26,4,320,-20,-50,7,613,0,"EU",163,"Denmark",2020-07-27,54.63
"165","Denmark",2020-07-28,27,6,328,-18,-49,7,613,0,"EU",164,"Denmark",2020-07-28,54.63
"166","Denmark",2020-07-29,22,2,220,-24,-50,8,614,0.172486386080763,"EU",165,"Denmark",2020-07-29,54.63
"167","Denmark",2020-07-30,23,4,282,-22,-49,7,615,0.172486386080763,"EU",166,"Denmark",2020-07-30,54.63
"168","Denmark",2020-07-31,15,0,368,-17,-48,3,615,0,"EU",167,"Denmark",2020-07-31,54.63
"169","Denmark",2020-08-01,4,0,294,12,-2,-5,615,0,"EU",168,"Denmark",2020-08-01,50.93
"170","Denmark",2020-08-02,19,2,184,-5,-2,-2,615,0,"EU",169,"Denmark",2020-08-02,50.93
"171","Denmark",2020-08-03,27,7,275,-16,-37,4,616,0.172486386080763,"EU",170,"Denmark",2020-08-03,50.93
"172","Denmark",2020-08-04,26,7,303,-14,-37,4,616,0,"EU",171,"Denmark",2020-08-04,50.93
"173","Denmark",2020-08-05,22,4,225,-17,-36,4,616,0,"EU",172,"Denmark",2020-08-05,50.93
"174","Denmark",2020-08-06,19,5,369,-14,-36,3,617,0.172486386080763,"EU",173,"Denmark",2020-08-06,50.93
"175","Denmark",2020-08-07,6,-3,389,-16,-36,1,617,0,"EU",174,"Denmark",2020-08-07,50.93
"176","Denmark",2020-08-08,-2,-1,338,7,-1,-5,617,0,"EU",175,"Denmark",2020-08-08,50.93
"177","Denmark",2020-08-09,13,1,284,-2,0,-4,617,0,"EU",176,"Denmark",2020-08-09,50.93
"178","Denmark",2020-08-10,17,6,313,-14,-28,2,620,0.517459158242288,"EU",177,"Denmark",2020-08-10,50.93
"179","Denmark",2020-08-11,16,6,332,-13,-27,1,621,0.172486386080763,"EU",178,"Denmark",2020-08-11,50.93
"180","Denmark",2020-08-12,13,3,279,-13,-26,2,621,0,"EU",179,"Denmark",2020-08-12,50.93
"181","Denmark",2020-08-13,11,3,305,-14,-26,1,621,0,"EU",180,"Denmark",2020-08-13,50.93
"182","Denmark",2020-08-14,3,-3,325,-13,-27,0,621,0,"EU",181,"Denmark",2020-08-14,50.93
"183","Denmark",2020-08-15,-4,-3,305,3,-2,-4,621,0,"EU",182,"Denmark",2020-08-15,50.93
"184","Denmark",2020-08-16,9,-4,277,-4,-2,-4,621,0,"EU",183,"Denmark",2020-08-16,50.93
"185","Denmark",2020-08-17,10,0,289,-13,-26,1,621,0,"EU",184,"Denmark",2020-08-17,50.93
"186","Denmark",2020-08-18,8,0,217,-15,-23,2,621,0,"EU",185,"Denmark",2020-08-18,50.93
"187","Denmark",2020-08-19,7,-2,190,-16,-24,2,621,0,"EU",186,"Denmark",2020-08-19,50.93
"188","Denmark",2020-08-20,4,-3,138,-19,-25,3,621,0,"EU",187,"Denmark",2020-08-20,50.93
"189","Denmark",2020-08-21,0,-6,167,-16,-25,2,621,0,"EU",188,"Denmark",2020-08-21,50.93
"190","Denmark",2020-08-22,-4,-5,154,-7,-3,-2,622,0.172486386080763,"EU",189,"Denmark",2020-08-22,50.93
"191","Denmark",2020-08-23,5,-7,93,-14,-5,-1,622,0,"EU",190,"Denmark",2020-08-23,50.93
"192","Denmark",2020-08-24,6,-4,150,-17,-22,2,623,0.172486386080763,"EU",191,"Denmark",2020-08-24,50.93
"193","Denmark",2020-08-25,7,-3,171,-16,-21,2,623,0,"EU",192,"Denmark",2020-08-25,50.93
"194","Denmark",2020-08-26,4,-5,113,-19,-20,3,623,0,"EU",193,"Denmark",2020-08-26,50.93
"195","Denmark",2020-08-27,4,-4,129,-18,-21,3,624,0.172486386080763,"EU",194,"Denmark",2020-08-27,50.93
"196","Denmark",2020-08-28,1,-5,114,-18,-20,2,624,0,"EU",195,"Denmark",2020-08-28,50.93
"197","Denmark",2020-08-29,-3,-7,118,-11,-3,-1,624,0,"EU",196,"Denmark",2020-08-29,50.93
"198","Denmark",2020-08-30,10,-7,125,-12,-2,-2,624,0,"EU",197,"Denmark",2020-08-30,50.93
"199","Denmark",2020-08-31,16,2,161,-12,-19,1,624,0,"EU",198,"Denmark",2020-08-31,50.93
"200","Denmark",2020-09-01,14,1,181,-10,-18,0,625,0.172486386080763,"EU",199,"Denmark",2020-09-01,50.93
"201","Denmark",2020-09-02,8,-2,142,-14,-18,1,626,0.172486386080763,"EU",200,"Denmark",2020-09-02,50.93
"202","Denmark",2020-09-03,8,0,124,-15,-18,1,626,0,"EU",201,"Denmark",2020-09-03,50.93
"203","Denmark",2020-09-04,7,-2,142,-14,-19,0,627,0.172486386080763,"EU",202,"Denmark",2020-09-04,50.93
"204","Denmark",2020-09-05,1,-5,117,-10,-5,-2,627,0,"EU",203,"Denmark",2020-09-05,50.93
"205","Denmark",2020-09-06,10,-6,96,-14,-5,-1,627,0,"EU",204,"Denmark",2020-09-06,50.93
"206","Denmark",2020-09-07,7,-4,125,-15,-20,1,628,0.172486386080763,"EU",205,"Denmark",2020-09-07,50.93
"207","Denmark",2020-09-08,7,-2,125,-16,-19,2,628,0,"EU",206,"Denmark",2020-09-08,50.93
"208","Denmark",2020-09-09,1,-6,79,-22,-20,3,628,0,"EU",207,"Denmark",2020-09-09,47.69
"209","Denmark",2020-09-10,5,-3,138,-17,-19,1,629,0.172486386080763,"EU",208,"Denmark",2020-09-10,47.69
"210","Denmark",2020-09-11,2,-4,131,-16,-20,1,629,0,"EU",209,"Denmark",2020-09-11,47.69
"211","Denmark",2020-09-12,-3,-7,100,-13,-6,-2,630,0.172486386080763,"EU",210,"Denmark",2020-09-12,47.69
"212","Denmark",2020-09-13,5,-8,80,-16,-5,-2,631,0.172486386080763,"EU",211,"Denmark",2020-09-13,47.69
"213","Denmark",2020-09-14,7,-6,180,-15,-17,0,633,0.344972772161525,"EU",212,"Denmark",2020-09-14,47.69
"214","Denmark",2020-09-15,8,-3,204,-14,-16,1,633,0,"EU",213,"Denmark",2020-09-15,47.69
"215","Denmark",2020-09-16,2,-6,134,-18,-16,2,633,0,"EU",214,"Denmark",2020-09-16,47.69
"216","Denmark",2020-09-17,3,-4,147,-18,-17,1,635,0.344972772161525,"EU",215,"Denmark",2020-09-17,47.69
"217","Denmark",2020-09-18,-1,-6,152,-17,-17,1,635,0,"EU",216,"Denmark",2020-09-18,47.69
"218","Denmark",2020-09-19,-6,-6,151,-13,-4,-1,635,0,"EU",217,"Denmark",2020-09-19,50.93
"219","Denmark",2020-09-20,3,-8,112,-16,-3,-1,638,0.517459158242288,"EU",218,"Denmark",2020-09-20,50.93
"220","Denmark",2020-09-21,1,-6,123,-19,-20,3,640,0.344972772161525,"EU",219,"Denmark",2020-09-21,50.93
"221","Denmark",2020-09-22,0,-4,148,-19,-19,3,641,0.172486386080763,"EU",220,"Denmark",2020-09-22,50.93
"222","Denmark",2020-09-23,-4,-6,111,-21,-18,4,643,0.344972772161525,"EU",221,"Denmark",2020-09-23,50.93
"223","Denmark",2020-09-24,-4,-4,86,-23,-18,4,645,0.344972772161525,"EU",222,"Denmark",2020-09-24,50.93
"224","Denmark",2020-09-25,-13,-9,39,-27,-20,5,647,0.344972772161525,"EU",223,"Denmark",2020-09-25,50.93
"225","Denmark",2020-09-26,-10,-5,74,-22,-3,1,648,0.172486386080763,"EU",224,"Denmark",2020-09-26,50.93
"226","Denmark",2020-09-27,0,-9,90,-20,-2,1,649,0.172486386080763,"EU",225,"Denmark",2020-09-27,50.93
"227","Denmark",2020-09-28,-5,-8,64,-24,-18,5,649,0,"EU",226,"Denmark",2020-09-28,50.93
"228","Denmark",2020-09-29,-1,-4,100,-21,-17,4,650,0.172486386080763,"EU",227,"Denmark",2020-09-29,50.93
"229","Denmark",2020-09-30,7,3,76,-20,-16,3,650,0,"EU",228,"Denmark",2020-09-30,50.93
"230","Finland",2020-02-15,3,0,-11,0,-2,0,0,0,"EU",0,"Finland",2020-02-15,13.89
"231","Finland",2020-02-16,-3,-2,-24,-8,-3,1,0,0,"EU",1,"Finland",2020-02-16,13.89
"232","Finland",2020-02-17,3,2,10,-10,-13,2,0,0,"EU",2,"Finland",2020-02-17,13.89
"233","Finland",2020-02-18,2,2,22,-9,-13,2,0,0,"EU",3,"Finland",2020-02-18,13.89
"234","Finland",2020-02-19,4,1,34,-8,-13,1,0,0,"EU",4,"Finland",2020-02-19,13.89
"235","Finland",2020-02-20,0,0,30,-10,-14,2,0,0,"EU",5,"Finland",2020-02-20,13.89
"236","Finland",2020-02-21,1,-1,0,-12,-15,3,0,0,"EU",6,"Finland",2020-02-21,13.89
"237","Finland",2020-02-22,-2,-3,-23,-7,-4,0,0,0,"EU",7,"Finland",2020-02-22,13.89
"238","Finland",2020-02-23,5,6,32,1,-1,-1,0,0,"EU",8,"Finland",2020-02-23,13.89
"239","Finland",2020-02-24,5,3,24,-4,-12,1,0,0,"EU",9,"Finland",2020-02-24,13.89
"240","Finland",2020-02-25,4,3,45,-1,-12,2,0,0,"EU",10,"Finland",2020-02-25,13.89
"241","Finland",2020-02-26,5,2,40,-3,-12,1,0,0,"EU",11,"Finland",2020-02-26,13.89
"242","Finland",2020-02-27,3,1,37,-3,-12,2,0,0,"EU",12,"Finland",2020-02-27,19.44
"243","Finland",2020-02-28,4,1,37,-5,-14,2,0,0,"EU",13,"Finland",2020-02-28,19.44
"244","Finland",2020-02-29,2,1,28,4,-2,-1,0,0,"EU",14,"Finland",2020-02-29,19.44
"245","Finland",2020-03-01,-3,-1,-6,-4,-3,0,0,0,"EU",15,"Finland",2020-03-01,19.44
"246","Finland",2020-03-02,3,5,15,-4,-7,1,0,0,"EU",16,"Finland",2020-03-02,19.44
"247","Finland",2020-03-03,2,3,14,-7,-7,2,0,0,"EU",17,"Finland",2020-03-03,19.44
"248","Finland",2020-03-04,-1,-1,12,-8,-8,2,0,0,"EU",18,"Finland",2020-03-04,19.44
"249","Finland",2020-03-05,0,3,8,-6,-8,2,0,0,"EU",19,"Finland",2020-03-05,19.44
"250","Finland",2020-03-06,3,3,27,-6,-8,1,0,0,"EU",20,"Finland",2020-03-06,19.44
"251","Finland",2020-03-07,3,4,28,1,0,-1,0,0,"EU",21,"Finland",2020-03-07,19.44
"252","Finland",2020-03-08,7,8,41,0,1,-1,0,0,"EU",22,"Finland",2020-03-08,19.44
"253","Finland",2020-03-09,-2,3,5,-7,-1,1,0,0,"EU",23,"Finland",2020-03-09,19.44
"254","Finland",2020-03-10,-3,1,-7,-9,-1,2,0,0,"EU",24,"Finland",2020-03-10,19.44
"255","Finland",2020-03-11,-3,1,1,-10,-3,2,0,0,"EU",25,"Finland",2020-03-11,19.44
"256","Finland",2020-03-12,-4,11,0,-13,-3,2,0,0,"EU",26,"Finland",2020-03-12,37.04
"257","Finland",2020-03-13,-9,15,-1,-26,-10,5,0,0,"EU",27,"Finland",2020-03-13,37.04
"258","Finland",2020-03-14,-22,0,18,-27,-8,5,0,0,"EU",28,"Finland",2020-03-14,37.04
"259","Finland",2020-03-15,-24,-4,25,-32,-10,4,0,0,"EU",29,"Finland",2020-03-15,37.04
"260","Finland",2020-03-16,-19,5,11,-34,-23,9,0,0,"EU",30,"Finland",2020-03-16,57.41
"261","Finland",2020-03-17,-29,1,0,-44,-32,13,0,0,"EU",31,"Finland",2020-03-17,57.41
"262","Finland",2020-03-18,-36,-10,32,-47,-41,15,0,0,"EU",32,"Finland",2020-03-18,57.41
"263","Finland",2020-03-19,-38,-12,45,-48,-43,15,0,0,"EU",33,"Finland",2020-03-19,60.19
"264","Finland",2020-03-20,-38,-13,41,-52,-43,16,0,0,"EU",34,"Finland",2020-03-20,60.19
"265","Finland",2020-03-21,-47,-15,42,-51,-21,8,1,0.180408112014675,"EU",35,"Finland",2020-03-21,60.19
"266","Finland",2020-03-22,-44,-15,77,-52,-21,7,1,0,"EU",36,"Finland",2020-03-22,60.19
"267","Finland",2020-03-23,-41,-16,33,-54,-45,15,1,0,"EU",37,"Finland",2020-03-23,60.19
"268","Finland",2020-03-24,-43,-15,36,-54,-47,16,1,0,"EU",38,"Finland",2020-03-24,60.19
"269","Finland",2020-03-25,-43,-16,45,-54,-47,16,3,0.36081622402935,"EU",39,"Finland",2020-03-25,60.19
"270","Finland",2020-03-26,-44,-15,52,-55,-47,16,5,0.36081622402935,"EU",40,"Finland",2020-03-26,60.19
"271","Finland",2020-03-27,-45,-16,46,-58,-47,18,7,0.36081622402935,"EU",41,"Finland",2020-03-27,60.19
"272","Finland",2020-03-28,-51,-16,45,-54,-24,9,9,0.36081622402935,"EU",42,"Finland",2020-03-28,62.96
"273","Finland",2020-03-29,-52,-21,48,-59,-25,9,11,0.36081622402935,"EU",43,"Finland",2020-03-29,62.96
"274","Finland",2020-03-30,-47,-20,32,-57,-48,16,13,0.36081622402935,"EU",44,"Finland",2020-03-30,62.96
"275","Finland",2020-03-31,-49,-18,-2,-59,-49,18,17,0.7216324480587,"EU",45,"Finland",2020-03-31,62.96
"276","Finland",2020-04-01,-45,-13,38,-56,-49,17,17,0,"EU",46,"Finland",2020-04-01,62.96
"277","Finland",2020-04-02,-47,-16,14,-59,-49,18,19,0.36081622402935,"EU",47,"Finland",2020-04-02,62.96
"278","Finland",2020-04-03,-48,-15,0,-62,-49,19,20,0.180408112014675,"EU",48,"Finland",2020-04-03,62.96
"279","Finland",2020-04-04,-49,-13,45,-55,-26,9,25,0.902040560073376,"EU",49,"Finland",2020-04-04,62.96
"280","Finland",2020-04-05,-47,-13,73,-57,-25,8,28,0.541224336044025,"EU",50,"Finland",2020-04-05,62.96
"281","Finland",2020-04-06,-41,-15,48,-56,-49,16,27,0,"EU",51,"Finland",2020-04-06,62.96
"282","Finland",2020-04-07,-41,-9,60,-56,-50,16,34,1.26285678410273,"EU",52,"Finland",2020-04-07,62.96
"283","Finland",2020-04-08,-37,1,78,-54,-50,15,40,1.08244867208805,"EU",53,"Finland",2020-04-08,62.96
"284","Finland",2020-04-09,-31,11,64,-54,-52,14,42,0.36081622402935,"EU",54,"Finland",2020-04-09,62.96
"285","Finland",2020-04-10,-67,-38,124,-69,-83,26,48,1.08244867208805,"EU",55,"Finland",2020-04-10,62.96
"286","Finland",2020-04-11,-51,-17,89,-54,-30,8,49,0.180408112014675,"EU",56,"Finland",2020-04-11,62.96
"287","Finland",2020-04-12,-62,-27,-9,-70,-33,11,56,1.26285678410273,"EU",57,"Finland",2020-04-12,62.96
"288","Finland",2020-04-13,-62,-30,96,-68,-84,23,59,0.541224336044025,"EU",58,"Finland",2020-04-13,62.96
"289","Finland",2020-04-14,-45,-13,11,-58,-50,17,64,0.902040560073376,"EU",59,"Finland",2020-04-14,62.96
"290","Finland",2020-04-15,-42,-12,37,-57,-49,17,72,1.4432648961174,"EU",60,"Finland",2020-04-15,60.19
"291","Finland",2020-04-16,-43,-13,28,-58,-49,17,75,0.541224336044025,"EU",61,"Finland",2020-04-16,60.19
"292","Finland",2020-04-17,-42,-12,32,-59,-48,17,82,1.26285678410273,"EU",62,"Finland",2020-04-17,60.19
"293","Finland",2020-04-18,-47,-15,44,-52,-21,8,90,1.4432648961174,"EU",63,"Finland",2020-04-18,60.19
"294","Finland",2020-04-19,-45,-16,81,-55,-20,7,94,0.7216324480587,"EU",64,"Finland",2020-04-19,60.19
"295","Finland",2020-04-20,-39,-16,62,-53,-47,14,98,0.7216324480587,"EU",65,"Finland",2020-04-20,60.19
"296","Finland",2020-04-21,-38,-11,121,-50,-47,13,141,7.75754881663103,"EU",66,"Finland",2020-04-21,60.19
"297","Finland",2020-04-22,-39,-11,110,-51,-46,14,149,1.4432648961174,"EU",67,"Finland",2020-04-22,60.19
"298","Finland",2020-04-23,-39,-10,84,-53,-47,14,172,4.14938657633753,"EU",68,"Finland",2020-04-23,60.19
"299","Finland",2020-04-24,-41,-12,49,-57,-47,15,177,0.902040560073376,"EU",69,"Finland",2020-04-24,60.19
"300","Finland",2020-04-25,-46,-16,56,-52,-21,6,186,1.62367300813208,"EU",70,"Finland",2020-04-25,60.19
"301","Finland",2020-04-26,-45,-14,56,-56,-20,6,190,0.7216324480587,"EU",71,"Finland",2020-04-26,60.19
"302","Finland",2020-04-27,-37,-13,60,-53,-46,14,193,0.541224336044025,"EU",72,"Finland",2020-04-27,60.19
"303","Finland",2020-04-28,-39,-10,38,-54,-46,13,199,1.08244867208805,"EU",73,"Finland",2020-04-28,60.19
"304","Finland",2020-04-29,-35,2,54,-52,-46,14,206,1.26285678410273,"EU",74,"Finland",2020-04-29,60.19
"305","Finland",2020-04-30,-30,15,105,-48,-49,10,211,0.902040560073376,"EU",75,"Finland",2020-04-30,60.19
"306","Finland",2020-05-01,-69,-44,152,-68,-82,23,218,1.26285678410273,"EU",76,"Finland",2020-05-01,60.19
"307","Finland",2020-05-02,-47,-20,68,-54,-23,7,220,0.36081622402935,"EU",77,"Finland",2020-05-02,60.19
"308","Finland",2020-05-03,-41,-11,94,-52,-16,4,230,1.80408112014675,"EU",78,"Finland",2020-05-03,60.19
"309","Finland",2020-05-04,-31,-5,80,-49,-45,12,240,1.80408112014675,"EU",79,"Finland",2020-05-04,60.19
"310","Finland",2020-05-05,-31,-5,129,-47,-44,12,246,1.08244867208805,"EU",80,"Finland",2020-05-05,60.19
"311","Finland",2020-05-06,-32,-5,118,-48,-44,12,252,1.08244867208805,"EU",81,"Finland",2020-05-06,60.19
"312","Finland",2020-05-07,-32,-3,96,-49,-44,12,255,0.541224336044025,"EU",82,"Finland",2020-05-07,60.19
"313","Finland",2020-05-08,-33,-3,89,-50,-44,12,260,0.902040560073376,"EU",83,"Finland",2020-05-08,60.19
"314","Finland",2020-05-09,-31,4,96,-42,-13,3,265,0.902040560073376,"EU",84,"Finland",2020-05-09,60.19
"315","Finland",2020-05-10,-37,-7,81,-46,-9,2,267,0.36081622402935,"EU",85,"Finland",2020-05-10,60.19
"316","Finland",2020-05-11,-40,-16,13,-54,-45,14,271,0.7216324480587,"EU",86,"Finland",2020-05-11,60.19
"317","Finland",2020-05-12,-35,-7,68,-48,-43,13,275,0.7216324480587,"EU",87,"Finland",2020-05-12,60.19
"318","Finland",2020-05-13,-36,-8,78,-49,-43,13,284,1.62367300813208,"EU",88,"Finland",2020-05-13,60.19
"319","Finland",2020-05-14,-35,-6,77,-44,-32,9,287,0.541224336044025,"EU",89,"Finland",2020-05-14,53.7
"320","Finland",2020-05-15,-34,-5,78,-48,-32,10,293,1.08244867208805,"EU",90,"Finland",2020-05-15,53.7
"321","Finland",2020-05-16,-40,-9,38,-51,-15,6,297,0.7216324480587,"EU",91,"Finland",2020-05-16,53.7
"322","Finland",2020-05-17,-37,-8,73,-51,-10,4,298,0.180408112014675,"EU",92,"Finland",2020-05-17,53.7
"323","Finland",2020-05-18,-28,-6,86,-43,-31,9,300,0.36081622402935,"EU",93,"Finland",2020-05-18,53.7
"324","Finland",2020-05-19,-30,-4,73,-44,-32,10,301,0.180408112014675,"EU",94,"Finland",2020-05-19,53.7
"325","Finland",2020-05-20,-24,14,71,-34,-31,6,304,0.541224336044025,"EU",95,"Finland",2020-05-20,53.7
"326","Finland",2020-05-21,-47,-14,149,-53,-76,17,306,0.36081622402935,"EU",96,"Finland",2020-05-21,53.7
"327","Finland",2020-05-22,-29,-1,157,-41,-45,9,306,0,"EU",97,"Finland",2020-05-22,53.7
"328","Finland",2020-05-23,-37,-4,130,-34,-8,1,306,0,"EU",98,"Finland",2020-05-23,53.7
"329","Finland",2020-05-24,-34,1,80,-40,-5,-1,307,0.180408112014675,"EU",99,"Finland",2020-05-24,53.7
"330","Finland",2020-05-25,-24,3,76,-35,-31,7,308,0.180408112014675,"EU",100,"Finland",2020-05-25,53.7
"331","Finland",2020-05-26,-23,6,114,-30,-30,6,312,0.7216324480587,"EU",101,"Finland",2020-05-26,53.7
"332","Finland",2020-05-27,-25,4,86,-34,-29,7,313,0.180408112014675,"EU",102,"Finland",2020-05-27,53.7
"333","Finland",2020-05-28,-27,4,66,-36,-29,7,313,0,"EU",103,"Finland",2020-05-28,53.7
"334","Finland",2020-05-29,-26,2,91,-36,-28,7,314,0.180408112014675,"EU",104,"Finland",2020-05-29,48.15
"335","Finland",2020-05-30,-27,6,118,-21,32,-2,316,0.36081622402935,"EU",105,"Finland",2020-05-30,48.15
"336","Finland",2020-05-31,-26,9,122,-31,4,-2,320,0.7216324480587,"EU",106,"Finland",2020-05-31,48.15
"337","Finland",2020-06-01,-6,7,114,-27,-40,5,318,0,"EU",107,"Finland",2020-06-01,44.44
"338","Finland",2020-06-02,-11,5,124,-26,-40,6,320,0.36081622402935,"EU",108,"Finland",2020-06-02,44.44
"339","Finland",2020-06-03,-11,6,145,-26,-40,5,321,0.180408112014675,"EU",109,"Finland",2020-06-03,44.44
"340","Finland",2020-06-04,-17,2,81,-33,-41,7,322,0.180408112014675,"EU",110,"Finland",2020-06-04,44.44
"341","Finland",2020-06-05,-18,-1,100,-37,-41,7,322,0,"EU",111,"Finland",2020-06-05,44.44
"342","Finland",2020-06-06,-24,-4,73,-32,-4,1,322,0,"EU",112,"Finland",2020-06-06,44.44
"343","Finland",2020-06-07,-18,5,113,-29,3,-2,323,0.180408112014675,"EU",113,"Finland",2020-06-07,44.44
"344","Finland",2020-06-08,-12,1,92,-35,-41,6,323,0,"EU",114,"Finland",2020-06-08,44.44
"345","Finland",2020-06-09,-11,3,130,-30,-40,6,324,0.180408112014675,"EU",115,"Finland",2020-06-09,44.44
"346","Finland",2020-06-10,-7,7,214,-26,-39,4,324,0,"EU",116,"Finland",2020-06-10,44.44
"347","Finland",2020-06-11,-7,7,204,-30,-40,4,325,0.180408112014675,"EU",117,"Finland",2020-06-11,44.44
"348","Finland",2020-06-12,-9,2,240,-31,-40,2,325,0,"EU",118,"Finland",2020-06-12,44.44
"349","Finland",2020-06-13,-14,2,239,-19,5,-5,325,0,"EU",119,"Finland",2020-06-13,44.44
"350","Finland",2020-06-14,-8,12,221,-24,8,-6,326,0.180408112014675,"EU",120,"Finland",2020-06-14,44.44
"351","Finland",2020-06-15,4,13,223,-27,-41,3,326,0,"EU",121,"Finland",2020-06-15,35.19
"352","Finland",2020-06-16,0,12,192,-27,-41,4,326,0,"EU",122,"Finland",2020-06-16,35.19
"353","Finland",2020-06-17,4,22,241,-24,-41,2,326,0,"EU",123,"Finland",2020-06-17,35.19
"354","Finland",2020-06-18,3,33,290,-26,-45,-1,326,0,"EU",124,"Finland",2020-06-18,35.19
"355","Finland",2020-06-19,-48,-18,517,-52,-78,5,326,0,"EU",125,"Finland",2020-06-19,35.19
"356","Finland",2020-06-20,-58,-37,330,-46,-23,-5,326,0,"EU",126,"Finland",2020-06-20,35.19
"357","Finland",2020-06-21,-20,3,256,-31,2,-13,326,0,"EU",127,"Finland",2020-06-21,35.19
"358","Finland",2020-06-22,3,12,255,-29,-47,2,327,0.180408112014675,"EU",128,"Finland",2020-06-22,35.19
"359","Finland",2020-06-23,-1,9,275,-27,-46,4,327,0,"EU",129,"Finland",2020-06-23,35.19
"360","Finland",2020-06-24,0,9,323,-26,-44,3,327,0,"EU",130,"Finland",2020-06-24,35.19
"361","Finland",2020-06-25,-4,8,298,-28,-45,3,327,0,"EU",131,"Finland",2020-06-25,35.19
"362","Finland",2020-06-26,-6,2,298,-30,-45,2,328,0.180408112014675,"EU",132,"Finland",2020-06-26,35.19
"363","Finland",2020-06-27,-11,1,263,-16,1,-6,328,0,"EU",133,"Finland",2020-06-27,35.19
"364","Finland",2020-06-28,-6,9,219,-21,8,-7,328,0,"EU",134,"Finland",2020-06-28,35.19
"365","Finland",2020-06-29,0,7,173,-31,-47,5,328,0,"EU",135,"Finland",2020-06-29,35.19
"366","Finland",2020-06-30,-2,4,93,-35,-48,8,328,0,"EU",136,"Finland",2020-06-30,35.19
"367","Finland",2020-07-01,4,7,155,-29,-47,6,328,0,"EU",137,"Finland",2020-07-01,35.19
"368","Finland",2020-07-02,1,5,194,-29,-47,5,328,0,"EU",138,"Finland",2020-07-02,35.19
"369","Finland",2020-07-03,-2,0,207,-29,-47,4,329,0.180408112014675,"EU",139,"Finland",2020-07-03,35.19
"370","Finland",2020-07-04,-12,-3,98,-26,-3,-1,329,0,"EU",140,"Finland",2020-07-04,35.19
"371","Finland",2020-07-05,-5,4,137,-25,4,-3,329,0,"EU",141,"Finland",2020-07-05,35.19
"372","Finland",2020-07-06,6,8,176,-29,-53,5,329,0,"EU",142,"Finland",2020-07-06,35.19
"373","Finland",2020-07-07,3,7,184,-30,-53,6,329,0,"EU",143,"Finland",2020-07-07,35.19
"374","Finland",2020-07-08,2,5,249,-28,-51,5,329,0,"EU",144,"Finland",2020-07-08,35.19
"375","Finland",2020-07-09,-1,5,202,-32,-52,5,329,0,"EU",145,"Finland",2020-07-09,40.74
"376","Finland",2020-07-10,-3,-1,235,-30,-51,3,329,0,"EU",146,"Finland",2020-07-10,40.74
"377","Finland",2020-07-11,-14,-6,115,-28,-5,-1,329,0,"EU",147,"Finland",2020-07-11,40.74
"378","Finland",2020-07-12,-3,6,194,-20,5,-5,329,0,"EU",148,"Finland",2020-07-12,40.74
"379","Finland",2020-07-13,4,8,222,-32,-54,5,329,0,"EU",149,"Finland",2020-07-13,40.74
"380","Finland",2020-07-14,5,7,277,-28,-54,5,329,0,"EU",150,"Finland",2020-07-14,40.74
"381","Finland",2020-07-15,9,10,380,-27,-52,3,328,0,"EU",151,"Finland",2020-07-15,40.74
"382","Finland",2020-07-16,4,8,350,-29,-53,2,328,0,"EU",152,"Finland",2020-07-16,40.74
"383","Finland",2020-07-17,-2,1,358,-31,-52,1,328,0,"EU",153,"Finland",2020-07-17,35.19
"384","Finland",2020-07-18,-6,-1,291,-17,1,-7,328,0,"EU",154,"Finland",2020-07-18,35.19
"385","Finland",2020-07-19,2,10,276,-19,7,-9,328,0,"EU",155,"Finland",2020-07-19,35.19
"386","Finland",2020-07-20,6,10,351,-29,-55,2,328,0,"EU",156,"Finland",2020-07-20,35.19
"387","Finland",2020-07-21,2,7,279,-32,-55,5,328,0,"EU",157,"Finland",2020-07-21,35.19
"388","Finland",2020-07-22,4,5,251,-31,-54,5,328,0,"EU",158,"Finland",2020-07-22,35.19
"389","Finland",2020-07-23,-1,3,187,-35,-54,6,328,0,"EU",159,"Finland",2020-07-23,35.19
"390","Finland",2020-07-24,-7,-2,175,-37,-53,6,329,0.180408112014675,"EU",160,"Finland",2020-07-24,35.19
"391","Finland",2020-07-25,-9,-4,164,-24,-2,-3,329,0,"EU",161,"Finland",2020-07-25,35.19
"392","Finland",2020-07-26,3,8,244,-17,7,-7,329,0,"EU",162,"Finland",2020-07-26,35.19
"393","Finland",2020-07-27,5,8,315,-30,-53,3,329,0,"EU",163,"Finland",2020-07-27,35.19
"394","Finland",2020-07-28,0,5,249,-33,-53,5,329,0,"EU",164,"Finland",2020-07-28,35.19
"395","Finland",2020-07-29,0,4,223,-33,-53,6,329,0,"EU",165,"Finland",2020-07-29,35.19
"396","Finland",2020-07-30,-1,4,229,-34,-53,5,329,0,"EU",166,"Finland",2020-07-30,35.19
"397","Finland",2020-07-31,-2,1,272,-32,-51,2,329,0,"EU",167,"Finland",2020-07-31,35.19
"398","Finland",2020-08-01,-7,-4,242,-15,1,-7,329,0,"EU",168,"Finland",2020-08-01,35.19
"399","Finland",2020-08-02,-3,4,147,-24,3,-6,329,0,"EU",169,"Finland",2020-08-02,35.19
"400","Finland",2020-08-03,7,10,185,-28,-47,4,329,0,"EU",170,"Finland",2020-08-03,35.19
"401","Finland",2020-08-04,6,8,194,-28,-47,4,331,0.36081622402935,"EU",171,"Finland",2020-08-04,35.19
"402","Finland",2020-08-05,6,7,258,-25,-46,3,331,0,"EU",172,"Finland",2020-08-05,35.19
"403","Finland",2020-08-06,0,5,205,-29,-47,3,331,0,"EU",173,"Finland",2020-08-06,35.19
"404","Finland",2020-08-07,-2,0,300,-28,-45,0,331,0,"EU",174,"Finland",2020-08-07,35.19
"405","Finland",2020-08-08,-6,-2,302,-15,2,-7,331,0,"EU",175,"Finland",2020-08-08,35.19
"406","Finland",2020-08-09,1,8,217,-19,7,-8,331,0,"EU",176,"Finland",2020-08-09,35.19
"407","Finland",2020-08-10,4,7,194,-26,-43,2,333,0.36081622402935,"EU",177,"Finland",2020-08-10,35.19
"408","Finland",2020-08-11,-1,3,159,-28,-42,4,333,0,"EU",178,"Finland",2020-08-11,35.19
"409","Finland",2020-08-12,-3,3,166,-27,-39,3,333,0,"EU",179,"Finland",2020-08-12,35.19
"410","Finland",2020-08-13,-5,4,154,-27,-38,2,333,0,"EU",180,"Finland",2020-08-13,35.19
"411","Finland",2020-08-14,-5,2,186,-29,-37,0,333,0,"EU",181,"Finland",2020-08-14,32.41
"412","Finland",2020-08-15,-8,-3,222,-20,2,-5,333,0,"EU",182,"Finland",2020-08-15,32.41
"413","Finland",2020-08-16,-1,6,190,-21,6,-6,333,0,"EU",183,"Finland",2020-08-16,32.41
"414","Finland",2020-08-17,-3,3,152,-27,-37,1,334,0.180408112014675,"EU",184,"Finland",2020-08-17,32.41
"415","Finland",2020-08-18,-5,2,167,-27,-34,2,334,0,"EU",185,"Finland",2020-08-18,32.41
"416","Finland",2020-08-19,-5,2,199,-26,-34,2,334,0,"EU",186,"Finland",2020-08-19,32.41
"417","Finland",2020-08-20,-7,1,199,-28,-35,1,334,0,"EU",187,"Finland",2020-08-20,32.41
"418","Finland",2020-08-21,-6,-1,240,-26,-34,-1,334,0,"EU",188,"Finland",2020-08-21,32.41
"419","Finland",2020-08-22,-14,-7,102,-29,-3,-1,334,0,"EU",189,"Finland",2020-08-22,32.41
"420","Finland",2020-08-23,-4,2,126,-23,4,-4,334,0,"EU",190,"Finland",2020-08-23,32.41
"421","Finland",2020-08-24,-7,-1,95,-30,-33,3,335,0.180408112014675,"EU",191,"Finland",2020-08-24,32.41
"422","Finland",2020-08-25,-7,0,114,-29,-32,3,335,0,"EU",192,"Finland",2020-08-25,32.41
"423","Finland",2020-08-26,-4,1,137,-27,-30,3,335,0,"EU",193,"Finland",2020-08-26,32.41
"424","Finland",2020-08-27,-6,2,125,-27,-30,2,335,0,"EU",194,"Finland",2020-08-27,32.41
"425","Finland",2020-08-28,-6,0,165,-27,-29,1,335,0,"EU",195,"Finland",2020-08-28,32.41
"426","Finland",2020-08-29,-10,-4,175,-20,2,-4,335,0,"EU",196,"Finland",2020-08-29,32.41
"427","Finland",2020-08-30,-11,-2,88,-27,1,-4,335,0,"EU",197,"Finland",2020-08-30,32.41
"428","Finland",2020-08-31,-5,1,79,-27,-29,2,336,0.180408112014675,"EU",198,"Finland",2020-08-31,32.41
"429","Finland",2020-09-01,-1,5,124,-23,-28,2,336,0,"EU",199,"Finland",2020-09-01,32.41
"430","Finland",2020-09-02,-3,3,143,-25,-26,2,336,0,"EU",200,"Finland",2020-09-02,32.41
"431","Finland",2020-09-03,-7,2,91,-29,-27,3,336,0,"EU",201,"Finland",2020-09-03,32.41
"432","Finland",2020-09-04,-4,3,103,-29,-26,2,336,0,"EU",202,"Finland",2020-09-04,32.41
"433","Finland",2020-09-05,-7,-2,96,-26,-1,-2,336,0,"EU",203,"Finland",2020-09-05,32.41
"434","Finland",2020-09-06,-8,0,93,-28,1,-2,336,0,"EU",204,"Finland",2020-09-06,32.41
"435","Finland",2020-09-07,-3,2,101,-27,-26,2,336,0,"EU",205,"Finland",2020-09-07,32.41
"436","Finland",2020-09-08,-8,-1,58,-30,-27,4,336,0,"EU",206,"Finland",2020-09-08,32.41
"437","Finland",2020-09-09,-6,0,107,-28,-24,3,337,0.180408112014675,"EU",207,"Finland",2020-09-09,32.41
"438","Finland",2020-09-10,-6,2,86,-27,-25,2,337,0,"EU",208,"Finland",2020-09-10,32.41
"439","Finland",2020-09-11,-5,1,149,-26,-24,-1,337,0,"EU",209,"Finland",2020-09-11,32.41
"440","Finland",2020-09-12,-11,-3,81,-27,-5,-2,337,0,"EU",210,"Finland",2020-09-12,32.41
"441","Finland",2020-09-13,-5,3,126,-21,2,-5,337,0,"EU",211,"Finland",2020-09-13,32.41
"442","Finland",2020-09-14,-5,1,130,-25,-21,0,337,0,"EU",212,"Finland",2020-09-14,32.41
"443","Finland",2020-09-15,-4,4,129,-25,-21,1,339,0.36081622402935,"EU",213,"Finland",2020-09-15,32.41
"444","Finland",2020-09-16,-7,2,77,-28,-22,3,339,0,"EU",214,"Finland",2020-09-16,32.41
"445","Finland",2020-09-17,-13,-4,57,-32,-23,4,339,0,"EU",215,"Finland",2020-09-17,32.41
"446","Finland",2020-09-18,-5,2,134,-26,-21,0,339,0,"EU",216,"Finland",2020-09-18,32.41
"447","Finland",2020-09-19,-8,-2,132,-20,-1,-3,339,0,"EU",217,"Finland",2020-09-19,32.41
"448","Finland",2020-09-20,-6,1,114,-22,1,-3,339,0,"EU",218,"Finland",2020-09-20,32.41
"449","Finland",2020-09-21,-7,-1,86,-27,-21,3,341,0.36081622402935,"EU",219,"Finland",2020-09-21,32.41
"450","Finland",2020-09-22,-8,0,94,-27,-20,3,341,0,"EU",220,"Finland",2020-09-22,32.41
"451","Finland",2020-09-23,-7,1,122,-27,-19,3,343,0.36081622402935,"EU",221,"Finland",2020-09-23,32.41
"452","Finland",2020-09-24,-10,0,107,-27,-19,3,343,0,"EU",222,"Finland",2020-09-24,32.41
"453","Finland",2020-09-25,-7,2,127,-29,-19,2,343,0,"EU",223,"Finland",2020-09-25,32.41
"454","Finland",2020-09-26,-11,-2,144,-23,4,-2,343,0,"EU",224,"Finland",2020-09-26,32.41
"455","Finland",2020-09-27,-9,1,148,-23,4,-3,343,0,"EU",225,"Finland",2020-09-27,32.41
"456","Finland",2020-09-28,-8,0,102,-28,-18,3,345,0.36081622402935,"EU",226,"Finland",2020-09-28,32.41
"457","Finland",2020-09-29,-11,-1,72,-30,-18,5,345,0,"EU",227,"Finland",2020-09-29,NA
"458","Finland",2020-09-30,-6,3,88,-28,-18,4,344,0,"EU",228,"Finland",2020-09-30,NA
"459","Norway",2020-02-15,1,1,26,7,-1,-1,0,0,"EU",0,"Norway",2020-02-15,11.11
"460","Norway",2020-02-16,-5,3,-34,-5,-3,1,0,0,"EU",1,"Norway",2020-02-16,11.11
"461","Norway",2020-02-17,2,0,13,-5,-12,2,0,0,"EU",2,"Norway",2020-02-17,11.11
"462","Norway",2020-02-18,3,-1,15,-5,-11,1,0,0,"EU",3,"Norway",2020-02-18,11.11
"463","Norway",2020-02-19,6,4,49,-1,-12,0,0,0,"EU",4,"Norway",2020-02-19,11.11
"464","Norway",2020-02-20,-1,-2,-4,-9,-14,2,0,0,"EU",5,"Norway",2020-02-20,11.11
"465","Norway",2020-02-21,1,-1,12,-4,-15,2,0,0,"EU",6,"Norway",2020-02-21,11.11
"466","Norway",2020-02-22,-3,-1,9,2,-4,0,0,0,"EU",7,"Norway",2020-02-22,11.11
"467","Norway",2020-02-23,-1,9,0,7,-2,-2,0,0,"EU",8,"Norway",2020-02-23,11.11
"468","Norway",2020-02-24,1,1,21,3,-5,0,0,0,"EU",9,"Norway",2020-02-24,11.11
"469","Norway",2020-02-25,1,1,13,-1,-4,1,0,0,"EU",10,"Norway",2020-02-25,11.11
"470","Norway",2020-02-26,2,2,23,1,-4,0,0,0,"EU",11,"Norway",2020-02-26,11.11
"471","Norway",2020-02-27,1,3,14,0,-5,1,0,0,"EU",12,"Norway",2020-02-27,11.11
"472","Norway",2020-02-28,1,3,20,1,-5,1,0,0,"EU",13,"Norway",2020-02-28,11.11
"473","Norway",2020-02-29,-4,-1,2,2,-2,0,0,0,"EU",14,"Norway",2020-02-29,11.11
"474","Norway",2020-03-01,-10,2,-30,-1,-1,0,0,0,"EU",15,"Norway",2020-03-01,11.11
"475","Norway",2020-03-02,-2,2,4,0,-2,1,0,0,"EU",16,"Norway",2020-03-02,11.11
"476","Norway",2020-03-03,-1,1,6,-2,-1,1,0,0,"EU",17,"Norway",2020-03-03,11.11
"477","Norway",2020-03-04,-3,1,9,1,-2,1,0,0,"EU",18,"Norway",2020-03-04,11.11
"478","Norway",2020-03-05,0,4,26,3,-2,0,0,0,"EU",19,"Norway",2020-03-05,11.11
"479","Norway",2020-03-06,-2,3,18,2,-2,0,0,0,"EU",20,"Norway",2020-03-06,11.11
"480","Norway",2020-03-07,-7,0,29,1,-2,0,0,0,"EU",21,"Norway",2020-03-07,11.11
"481","Norway",2020-03-08,-11,-2,-37,-9,-2,1,0,0,"EU",22,"Norway",2020-03-08,11.11
"482","Norway",2020-03-09,-4,2,11,-2,-2,1,0,0,"EU",23,"Norway",2020-03-09,11.11
"483","Norway",2020-03-10,-5,2,-4,-7,-1,2,0,0,"EU",24,"Norway",2020-03-10,14.81
"484","Norway",2020-03-11,-6,9,10,-9,-3,3,0,0,"EU",25,"Norway",2020-03-11,20.37
"485","Norway",2020-03-12,-6,51,-1,-20,-11,5,0,0,"EU",26,"Norway",2020-03-12,40.74
"486","Norway",2020-03-13,-34,5,3,-39,-36,14,0,0,"EU",27,"Norway",2020-03-13,40.74
"487","Norway",2020-03-14,-47,-9,26,-37,-23,8,3,0.552252777141153,"EU",28,"Norway",2020-03-14,46.3
"488","Norway",2020-03-15,-71,-39,-50,-54,-27,11,3,0,"EU",29,"Norway",2020-03-15,51.85
"489","Norway",2020-03-16,-39,-9,22,-49,-48,18,3,0,"EU",30,"Norway",2020-03-16,60.19
"490","Norway",2020-03-17,-44,-15,10,-53,-51,19,3,0,"EU",31,"Norway",2020-03-17,60.19
"491","Norway",2020-03-18,-46,-15,18,-55,-52,20,6,0.552252777141153,"EU",32,"Norway",2020-03-18,60.19
"492","Norway",2020-03-19,-44,-11,24,-56,-52,20,7,0.184084259047051,"EU",33,"Norway",2020-03-19,62.96
"493","Norway",2020-03-20,-44,-12,31,-55,-52,21,7,0,"EU",34,"Norway",2020-03-20,62.96
"494","Norway",2020-03-21,-49,-10,80,-42,-33,9,7,0,"EU",35,"Norway",2020-03-21,62.96
"495","Norway",2020-03-22,-65,-32,-8,-57,-34,12,7,0,"EU",36,"Norway",2020-03-22,62.96
"496","Norway",2020-03-23,-41,-14,-1,-58,-52,20,10,0.552252777141153,"EU",37,"Norway",2020-03-23,62.96
"497","Norway",2020-03-24,-45,-14,-8,-59,-53,20,12,0.368168518094102,"EU",38,"Norway",2020-03-24,79.63
"498","Norway",2020-03-25,-45,-13,0,-58,-52,20,14,0.368168518094102,"EU",39,"Norway",2020-03-25,79.63
"499","Norway",2020-03-26,-43,-10,29,-56,-52,20,14,0,"EU",40,"Norway",2020-03-26,79.63
"500","Norway",2020-03-27,-42,-9,16,-57,-50,21,19,0.920421295235255,"EU",41,"Norway",2020-03-27,79.63
"501","Norway",2020-03-28,-47,-8,29,-50,-33,10,23,0.736337036188204,"EU",42,"Norway",2020-03-28,79.63
"502","Norway",2020-03-29,-65,-32,-5,-57,-34,11,25,0.368168518094102,"EU",43,"Norway",2020-03-29,79.63
"503","Norway",2020-03-30,-37,-11,37,-53,-51,18,32,1.28858981332936,"EU",44,"Norway",2020-03-30,79.63
"504","Norway",2020-03-31,-36,-7,23,-52,-51,18,39,1.28858981332936,"EU",45,"Norway",2020-03-31,79.63
"505","Norway",2020-04-01,-36,-6,18,-54,-50,19,44,0.920421295235255,"EU",46,"Norway",2020-04-01,79.63
"506","Norway",2020-04-02,-37,-4,-7,-58,-50,20,50,1.10450555428231,"EU",47,"Norway",2020-04-02,79.63
"507","Norway",2020-04-03,-35,-3,13,-53,-49,19,59,1.65675833142346,"EU",48,"Norway",2020-04-03,79.63
"508","Norway",2020-04-04,-40,-3,32,-46,-31,9,62,0.552252777141153,"EU",49,"Norway",2020-04-04,79.63
"509","Norway",2020-04-05,-60,-22,14,-52,-32,11,71,1.65675833142346,"EU",50,"Norway",2020-04-05,79.63
"510","Norway",2020-04-06,-16,9,89,-46,-58,17,76,0.920421295235255,"EU",51,"Norway",2020-04-06,79.63
"511","Norway",2020-04-07,-12,27,104,-44,-59,16,89,2.39309536761166,"EU",52,"Norway",2020-04-07,79.63
"512","Norway",2020-04-08,-11,40,37,-52,-64,18,101,2.20901110856461,"EU",53,"Norway",2020-04-08,79.63
"513","Norway",2020-04-09,-80,-80,166,-58,-85,25,108,1.28858981332936,"EU",54,"Norway",2020-04-09,79.63
"514","Norway",2020-04-10,-81,-80,163,-58,-85,26,113,0.920421295235255,"EU",55,"Norway",2020-04-10,79.63
"515","Norway",2020-04-11,-43,-2,-2,-55,-36,9,119,1.10450555428231,"EU",56,"Norway",2020-04-11,79.63
"516","Norway",2020-04-12,-63,-31,12,-52,-34,10,128,1.65675833142346,"EU",57,"Norway",2020-04-12,79.63
"517","Norway",2020-04-13,-80,-80,70,-63,-86,27,134,1.10450555428231,"EU",58,"Norway",2020-04-13,79.63
"518","Norway",2020-04-14,-26,7,3,-52,-47,17,139,0.920421295235255,"EU",59,"Norway",2020-04-14,79.63
"519","Norway",2020-04-15,-29,-3,44,-47,-47,17,150,2.02492684951756,"EU",60,"Norway",2020-04-15,79.63
"520","Norway",2020-04-16,-28,-2,53,-48,-46,17,152,0.368168518094102,"EU",61,"Norway",2020-04-16,79.63
"521","Norway",2020-04-17,-24,3,68,-44,-44,16,161,1.65675833142346,"EU",62,"Norway",2020-04-17,79.63
"522","Norway",2020-04-18,-31,3,99,-30,-21,6,164,0.552252777141153,"EU",63,"Norway",2020-04-18,79.63
"523","Norway",2020-04-20,-17,1,106,-37,-43,13,181,2.94534814475282,"EU",65,"Norway",2020-04-20,70.37
"524","Norway",2020-04-21,-20,5,135,-34,-42,12,182,0.184084259047051,"EU",66,"Norway",2020-04-21,64.81
"525","Norway",2020-04-22,-22,4,130,-36,-42,12,187,0.920421295235255,"EU",67,"Norway",2020-04-22,64.81
"526","Norway",2020-04-23,-22,5,93,-38,-41,13,194,1.28858981332936,"EU",68,"Norway",2020-04-23,64.81
"527","Norway",2020-04-24,-25,2,56,-42,-41,13,199,0.920421295235255,"EU",69,"Norway",2020-04-24,64.81
"528","Norway",2020-04-25,-29,1,95,-29,-19,5,201,0.368168518094102,"EU",70,"Norway",2020-04-25,64.81
"529","Norway",2020-04-27,-19,-1,20,-41,-38,13,205,0.736337036188204,"EU",72,"Norway",2020-04-27,64.81
"530","Norway",2020-04-28,-18,3,48,-38,-37,11,206,0.184084259047051,"EU",73,"Norway",2020-04-28,64.81
"531","Norway",2020-04-29,-16,7,56,-35,-37,12,207,0.184084259047051,"EU",74,"Norway",2020-04-29,64.81
"532","Norway",2020-04-30,-5,39,51,-34,-38,9,210,0.552252777141153,"EU",75,"Norway",2020-04-30,64.81
"533","Norway",2020-05-01,-74,-78,119,-55,-82,24,210,0,"EU",76,"Norway",2020-05-01,64.81
"534","Norway",2020-05-02,-16,17,95,-25,-16,4,211,0.184084259047051,"EU",77,"Norway",2020-05-02,64.81
"535","Norway",2020-05-04,-11,4,51,-35,-36,11,214,0.552252777141153,"EU",79,"Norway",2020-05-04,64.81
"536","Norway",2020-05-05,-13,5,66,-33,-35,11,215,0.184084259047051,"EU",80,"Norway",2020-05-05,64.81
"537","Norway",2020-05-06,-13,6,74,-32,-34,11,216,0.184084259047051,"EU",81,"Norway",2020-05-06,64.81
"538","Norway",2020-05-07,-14,9,70,-34,-34,11,217,0.184084259047051,"EU",82,"Norway",2020-05-07,64.81
"539","Norway",2020-05-08,-14,4,64,-33,-32,10,218,0.184084259047051,"EU",83,"Norway",2020-05-08,64.81
"540","Norway",2020-05-09,-18,5,84,-22,-11,3,219,0.184084259047051,"EU",84,"Norway",2020-05-09,64.81
"541","Norway",2020-05-10,-42,0,2,-44,-15,5,219,0,"EU",85,"Norway",2020-05-10,64.81
"542","Norway",2020-05-11,-10,3,39,-33,-32,11,224,0.920421295235255,"EU",86,"Norway",2020-05-11,60.19
"543","Norway",2020-05-12,-9,9,27,-34,-29,10,228,0.736337036188204,"EU",87,"Norway",2020-05-12,60.19
"544","Norway",2020-05-13,-9,8,52,-30,-27,10,229,0.184084259047051,"EU",88,"Norway",2020-05-13,60.19
"545","Norway",2020-05-14,-5,15,43,-31,-27,8,232,0.552252777141153,"EU",89,"Norway",2020-05-14,54.63
"546","Norway",2020-05-15,-7,12,35,-32,-26,9,232,0,"EU",90,"Norway",2020-05-15,54.63
"547","Norway",2020-05-16,-15,16,21,-30,-10,4,232,0,"EU",91,"Norway",2020-05-16,54.63
"548","Norway",2020-05-17,-29,-22,19,-22,-6,1,232,0,"EU",92,"Norway",2020-05-17,54.63
"549","Norway",2020-05-18,-14,-8,61,-30,-27,9,233,0.184084259047051,"EU",93,"Norway",2020-05-18,54.63
"550","Norway",2020-05-19,-6,5,92,-26,-25,7,233,0,"EU",94,"Norway",2020-05-19,54.63
"551","Norway",2020-05-20,9,41,127,-17,-25,3,234,0.184084259047051,"EU",95,"Norway",2020-05-20,54.63
"552","Norway",2020-05-21,-61,-70,227,-44,-81,19,235,0.184084259047051,"EU",96,"Norway",2020-05-21,54.63
"553","Norway",2020-05-22,-1,15,92,-36,-49,11,235,0,"EU",97,"Norway",2020-05-22,54.63
"554","Norway",2020-05-23,-16,2,74,-27,-9,3,235,0,"EU",98,"Norway",2020-05-23,54.63
"555","Norway",2020-05-24,-26,9,27,-29,-8,0,235,0,"EU",99,"Norway",2020-05-24,54.63
"556","Norway",2020-05-25,0,10,106,-24,-26,6,235,0,"EU",100,"Norway",2020-05-25,54.63
"557","Norway",2020-05-26,-2,8,74,-27,-23,7,235,0,"EU",101,"Norway",2020-05-26,54.63
"558","Norway",2020-05-27,-1,11,82,-26,-23,7,235,0,"EU",102,"Norway",2020-05-27,54.63
"559","Norway",2020-05-28,0,16,98,-24,-23,6,236,0.184084259047051,"EU",103,"Norway",2020-05-28,54.63
"560","Norway",2020-05-29,0,18,142,-17,-23,2,236,0,"EU",104,"Norway",2020-05-29,54.63
"561","Norway",2020-05-30,-16,2,210,-4,-3,-3,236,0,"EU",105,"Norway",2020-05-30,54.63
"562","Norway",2020-05-31,-13,49,172,-12,-3,-3,236,0,"EU",106,"Norway",2020-05-31,54.63
"563","Norway",2020-06-01,-54,-66,314,-31,-80,9,236,0,"EU",107,"Norway",2020-06-01,54.63
"564","Norway",2020-06-02,7,31,119,-19,-22,3,237,0.184084259047051,"EU",108,"Norway",2020-06-02,39.81
"565","Norway",2020-06-03,1,13,97,-22,-21,5,237,0,"EU",109,"Norway",2020-06-03,39.81
"566","Norway",2020-06-04,-1,12,60,-26,-22,6,238,0.184084259047051,"EU",110,"Norway",2020-06-04,39.81
"567","Norway",2020-06-05,-5,7,42,-27,-21,6,238,0,"EU",111,"Norway",2020-06-05,39.81
"568","Norway",2020-06-06,-8,6,47,-24,-2,2,238,0,"EU",112,"Norway",2020-06-06,39.81
"569","Norway",2020-06-07,-24,7,11,-34,-4,3,238,0,"EU",113,"Norway",2020-06-07,39.81
"570","Norway",2020-06-08,2,7,72,-24,-22,6,239,0.184084259047051,"EU",114,"Norway",2020-06-08,39.81
"571","Norway",2020-06-09,3,8,104,-22,-21,4,239,0,"EU",115,"Norway",2020-06-09,39.81
"572","Norway",2020-06-10,3,11,111,-21,-21,4,239,0,"EU",116,"Norway",2020-06-10,39.81
"573","Norway",2020-06-11,6,18,153,-18,-22,3,242,0.552252777141153,"EU",117,"Norway",2020-06-11,39.81
"574","Norway",2020-06-12,8,15,175,-12,-22,0,242,0,"EU",118,"Norway",2020-06-12,39.81
"575","Norway",2020-06-13,-6,9,207,-1,0,-4,242,0,"EU",119,"Norway",2020-06-13,39.81
"576","Norway",2020-06-14,-4,41,136,-8,1,-6,242,0,"EU",120,"Norway",2020-06-14,39.81
"577","Norway",2020-06-15,14,19,181,-13,-23,2,242,0,"EU",121,"Norway",2020-06-15,34.26
"578","Norway",2020-06-16,13,19,181,-13,-23,2,242,0,"EU",122,"Norway",2020-06-16,34.26
"579","Norway",2020-06-17,13,19,173,-13,-23,2,243,0.184084259047051,"EU",123,"Norway",2020-06-17,34.26
"580","Norway",2020-06-18,16,24,187,-12,-23,1,244,0.184084259047051,"EU",124,"Norway",2020-06-18,34.26
"581","Norway",2020-06-19,10,13,190,-9,-24,-1,244,0,"EU",125,"Norway",2020-06-19,34.26
"582","Norway",2020-06-20,-3,8,169,-3,-2,-4,244,0,"EU",126,"Norway",2020-06-20,34.26
"583","Norway",2020-06-21,-6,32,51,-21,-3,-2,244,0,"EU",127,"Norway",2020-06-21,34.26
"584","Norway",2020-06-22,20,18,122,-18,-34,4,248,0.736337036188204,"EU",128,"Norway",2020-06-22,34.26
"585","Norway",2020-06-23,15,20,209,-12,-33,2,248,0,"EU",129,"Norway",2020-06-23,34.26
"586","Norway",2020-06-24,12,15,205,-12,-32,2,249,0.184084259047051,"EU",130,"Norway",2020-06-24,34.26
"587","Norway",2020-06-25,14,19,215,-13,-33,1,249,0,"EU",131,"Norway",2020-06-25,34.26
"588","Norway",2020-06-26,5,10,224,-10,-34,0,249,0,"EU",132,"Norway",2020-06-26,34.26
"589","Norway",2020-06-27,-8,5,241,4,-7,-6,249,0,"EU",133,"Norway",2020-06-27,34.26
"590","Norway",2020-06-28,-5,35,37,-20,-4,-2,249,0,"EU",134,"Norway",2020-06-28,34.26
"591","Norway",2020-06-29,19,16,112,-20,-38,5,249,0,"EU",135,"Norway",2020-06-29,34.26
"592","Norway",2020-06-30,18,13,99,-22,-37,5,250,0.184084259047051,"EU",136,"Norway",2020-06-30,34.26
"593","Norway",2020-07-01,17,12,141,-18,-38,4,251,0.184084259047051,"EU",137,"Norway",2020-07-01,34.26
"594","Norway",2020-07-02,16,14,135,-21,-39,4,251,0,"EU",138,"Norway",2020-07-02,34.26
"595","Norway",2020-07-03,6,4,96,-22,-38,4,251,0,"EU",139,"Norway",2020-07-03,34.26
"596","Norway",2020-07-04,0,4,156,0,-6,-3,251,0,"EU",140,"Norway",2020-07-04,34.26
"597","Norway",2020-07-05,-4,31,26,-24,-10,1,251,0,"EU",141,"Norway",2020-07-05,34.26
"598","Norway",2020-07-06,23,16,130,-23,-50,7,251,0,"EU",142,"Norway",2020-07-06,34.26
"599","Norway",2020-07-07,18,13,158,-23,-50,6,251,0,"EU",143,"Norway",2020-07-07,34.26
"600","Norway",2020-07-08,15,12,195,-21,-49,5,251,0,"EU",144,"Norway",2020-07-08,34.26
"601","Norway",2020-07-09,12,12,213,-21,-50,5,252,0.184084259047051,"EU",145,"Norway",2020-07-09,34.26
"602","Norway",2020-07-10,7,5,170,-21,-49,4,252,0,"EU",146,"Norway",2020-07-10,34.26
"603","Norway",2020-07-11,-2,3,174,-1,-8,-4,252,0,"EU",147,"Norway",2020-07-11,34.26
"604","Norway",2020-07-12,12,49,97,-8,-6,-3,252,0,"EU",148,"Norway",2020-07-12,34.26
"605","Norway",2020-07-13,24,16,222,-19,-58,6,253,0.184084259047051,"EU",149,"Norway",2020-07-13,34.26
"606","Norway",2020-07-14,19,13,184,-27,-59,8,253,0,"EU",150,"Norway",2020-07-14,34.26
"607","Norway",2020-07-15,15,14,252,-20,-57,6,253,0,"EU",151,"Norway",2020-07-15,34.26
"608","Norway",2020-07-16,10,11,289,-20,-58,5,254,0.184084259047051,"EU",152,"Norway",2020-07-16,34.26
"609","Norway",2020-07-17,6,3,162,-22,-57,6,255,0.184084259047051,"EU",153,"Norway",2020-07-17,34.26
"610","Norway",2020-07-18,-4,2,131,-8,-11,-2,255,0,"EU",154,"Norway",2020-07-18,34.26
"611","Norway",2020-07-19,9,47,86,-12,-8,-2,255,0,"EU",155,"Norway",2020-07-19,34.26
"612","Norway",2020-07-20,26,18,241,-18,-61,6,255,0,"EU",156,"Norway",2020-07-20,34.26
"613","Norway",2020-07-21,20,13,227,-22,-61,7,255,0,"EU",157,"Norway",2020-07-21,34.26
"614","Norway",2020-07-22,15,13,249,-20,-59,6,255,0,"EU",158,"Norway",2020-07-22,34.26
"615","Norway",2020-07-23,11,12,270,-21,-59,6,255,0,"EU",159,"Norway",2020-07-23,34.26
"616","Norway",2020-07-24,1,1,253,-20,-58,5,255,0,"EU",160,"Norway",2020-07-24,34.26
"617","Norway",2020-07-25,-8,0,229,5,-11,-5,255,0,"EU",161,"Norway",2020-07-25,34.26
"618","Norway",2020-07-26,-1,38,50,-19,-11,-1,255,0,"EU",162,"Norway",2020-07-26,34.26
"619","Norway",2020-07-27,19,15,197,-22,-57,7,255,0,"EU",163,"Norway",2020-07-27,34.26
"620","Norway",2020-07-28,12,9,162,-29,-57,9,255,0,"EU",164,"Norway",2020-07-28,34.26
"621","Norway",2020-07-29,10,10,183,-26,-57,8,255,0,"EU",165,"Norway",2020-07-29,34.26
"622","Norway",2020-07-30,8,11,247,-22,-57,6,255,0,"EU",166,"Norway",2020-07-30,34.26
"623","Norway",2020-07-31,-2,0,276,-18,-56,3,255,0,"EU",167,"Norway",2020-07-31,34.26
"624","Norway",2020-08-01,-12,-2,241,4,-11,-6,255,0,"EU",168,"Norway",2020-08-01,34.26
"625","Norway",2020-08-02,0,42,60,-14,-8,-2,255,0,"EU",169,"Norway",2020-08-02,34.26
"626","Norway",2020-08-03,14,14,168,-20,-46,5,256,0.184084259047051,"EU",170,"Norway",2020-08-03,34.26
"627","Norway",2020-08-04,11,10,182,-19,-46,5,256,0,"EU",171,"Norway",2020-08-04,34.26
"628","Norway",2020-08-05,6,8,103,-28,-46,7,256,0,"EU",172,"Norway",2020-08-05,34.26
"629","Norway",2020-08-06,6,10,191,-20,-45,5,256,0,"EU",173,"Norway",2020-08-06,34.26
"630","Norway",2020-08-07,-2,1,222,-17,-45,2,256,0,"EU",174,"Norway",2020-08-07,34.26
"631","Norway",2020-08-08,-12,-1,216,0,-10,-4,256,0,"EU",175,"Norway",2020-08-08,34.26
"632","Norway",2020-08-09,5,44,131,-4,-4,-5,256,0,"EU",176,"Norway",2020-08-09,34.26
"633","Norway",2020-08-10,7,11,184,-18,-39,3,256,0,"EU",177,"Norway",2020-08-10,34.26
"634","Norway",2020-08-11,4,8,214,-18,-38,3,256,0,"EU",178,"Norway",2020-08-11,34.26
"635","Norway",2020-08-12,5,11,225,-17,-36,2,256,0,"EU",179,"Norway",2020-08-12,34.26
"636","Norway",2020-08-13,5,12,156,-22,-37,3,257,0.184084259047051,"EU",180,"Norway",2020-08-13,34.26
"637","Norway",2020-08-14,0,3,180,-19,-37,2,261,0.736337036188204,"EU",181,"Norway",2020-08-14,34.26
"638","Norway",2020-08-15,-9,1,204,-4,-8,-3,261,0,"EU",182,"Norway",2020-08-15,34.26
"639","Norway",2020-08-16,-2,35,118,-9,-3,-4,261,0,"EU",183,"Norway",2020-08-16,34.26
"640","Norway",2020-08-17,5,9,171,-17,-31,2,261,0,"EU",184,"Norway",2020-08-17,34.26
"641","Norway",2020-08-18,1,6,176,-18,-28,2,262,0.184084259047051,"EU",185,"Norway",2020-08-18,34.26
"642","Norway",2020-08-19,3,9,124,-20,-28,3,262,0,"EU",186,"Norway",2020-08-19,34.26
"643","Norway",2020-08-20,1,7,112,-22,-29,3,264,0.368168518094102,"EU",187,"Norway",2020-08-20,34.26
"644","Norway",2020-08-21,-7,0,66,-25,-28,4,264,0,"EU",188,"Norway",2020-08-21,31.48
"645","Norway",2020-08-22,-6,1,69,-18,-7,0,264,0,"EU",189,"Norway",2020-08-22,31.48
"646","Norway",2020-08-23,-11,18,40,-21,-3,0,264,0,"EU",190,"Norway",2020-08-23,31.48
"647","Norway",2020-08-24,2,2,79,-23,-27,3,264,0,"EU",191,"Norway",2020-08-24,31.48
"648","Norway",2020-08-25,1,3,91,-22,-27,3,264,0,"EU",192,"Norway",2020-08-25,31.48
"649","Norway",2020-08-26,0,3,91,-23,-25,3,264,0,"EU",193,"Norway",2020-08-26,31.48
"650","Norway",2020-08-27,-1,4,97,-23,-25,2,264,0,"EU",194,"Norway",2020-08-27,31.48
"651","Norway",2020-08-28,-3,2,97,-19,-25,1,264,0,"EU",195,"Norway",2020-08-28,31.48
"652","Norway",2020-08-29,-8,-1,124,-13,-5,-1,264,0,"EU",196,"Norway",2020-08-29,31.48
"653","Norway",2020-08-30,-7,21,63,-17,-1,-3,264,0,"EU",197,"Norway",2020-08-30,31.48
"654","Norway",2020-08-31,1,3,99,-21,-25,2,264,0,"EU",198,"Norway",2020-08-31,31.48
"655","Norway",2020-09-01,0,4,115,-19,-25,2,264,0,"EU",199,"Norway",2020-09-01,31.48
"656","Norway",2020-09-02,-2,3,112,-21,-24,2,264,0,"EU",200,"Norway",2020-09-02,31.48
"657","Norway",2020-09-03,-3,3,68,-25,-25,3,264,0,"EU",201,"Norway",2020-09-03,31.48
"658","Norway",2020-09-04,-4,2,70,-22,-24,2,264,0,"EU",202,"Norway",2020-09-04,31.48
"659","Norway",2020-09-05,-8,-2,92,-17,-8,-1,264,0,"EU",203,"Norway",2020-09-05,31.48
"660","Norway",2020-09-06,-13,13,45,-21,-5,-1,264,0,"EU",204,"Norway",2020-09-06,31.48
"661","Norway",2020-09-07,-3,0,56,-25,-25,3,264,0,"EU",205,"Norway",2020-09-07,31.48
"662","Norway",2020-09-08,-2,1,62,-24,-24,3,264,0,"EU",206,"Norway",2020-09-08,31.48
"663","Norway",2020-09-09,-4,0,55,-27,-23,3,264,0,"EU",207,"Norway",2020-09-09,31.48
"664","Norway",2020-09-10,-2,5,80,-25,-23,2,265,0.184084259047051,"EU",208,"Norway",2020-09-10,31.48
"665","Norway",2020-09-11,-2,2,61,-23,-23,1,265,0,"EU",209,"Norway",2020-09-11,31.48
"666","Norway",2020-09-12,-5,-1,88,-18,-6,-2,265,0,"EU",210,"Norway",2020-09-12,31.48
"667","Norway",2020-09-13,-17,9,33,-23,-5,-2,265,0,"EU",211,"Norway",2020-09-13,31.48
"668","Norway",2020-09-14,-1,1,79,-22,-20,1,265,0,"EU",212,"Norway",2020-09-14,31.48
"669","Norway",2020-09-15,1,3,75,-22,-20,2,265,0,"EU",213,"Norway",2020-09-15,31.48
"670","Norway",2020-09-16,-1,1,80,-24,-20,2,265,0,"EU",214,"Norway",2020-09-16,31.48
"671","Norway",2020-09-17,0,4,89,-23,-21,1,266,0.184084259047051,"EU",215,"Norway",2020-09-17,31.48
"672","Norway",2020-09-18,-1,3,81,-20,-20,1,267,0.184084259047051,"EU",216,"Norway",2020-09-18,31.48
"673","Norway",2020-09-19,-6,-1,135,-12,-5,-3,267,0,"EU",217,"Norway",2020-09-19,31.48
"674","Norway",2020-09-20,-11,12,45,-20,-4,-2,267,0,"EU",218,"Norway",2020-09-20,31.48
"675","Norway",2020-09-21,-3,1,53,-29,-22,3,267,0,"EU",219,"Norway",2020-09-21,25.93
"676","Norway",2020-09-22,-2,2,55,-30,-21,3,267,0,"EU",220,"Norway",2020-09-22,25.93
"677","Norway",2020-09-23,-7,0,28,-34,-20,4,267,0,"EU",221,"Norway",2020-09-23,25.93
"678","Norway",2020-09-24,-8,0,23,-35,-20,4,270,0.552252777141153,"EU",222,"Norway",2020-09-24,25.93
"679","Norway",2020-09-25,-6,1,44,-29,-19,3,270,0,"EU",223,"Norway",2020-09-25,25.93
"680","Norway",2020-09-26,-11,-1,52,-35,-7,1,270,0,"EU",224,"Norway",2020-09-26,25.93
"681","Norway",2020-09-27,-19,7,47,-31,-4,0,270,0,"EU",225,"Norway",2020-09-27,25.93
"682","Norway",2020-09-28,-3,0,81,-36,-26,4,274,0.736337036188204,"EU",226,"Norway",2020-09-28,25.93
"683","Norway",2020-09-29,-4,0,49,-40,-26,5,274,0,"EU",227,"Norway",2020-09-29,25.93
"684","Norway",2020-09-30,-2,4,62,-39,-26,4,274,0,"EU",228,"Norway",2020-09-30,25.93
"685","Sweden",2020-02-15,2,0,3,4,-2,0,0,0,"EU",0,"Sweden",2020-02-15,0
"686","Sweden",2020-02-16,-10,-7,-30,-11,-5,2,0,0,"EU",1,"Sweden",2020-02-16,0
"687","Sweden",2020-02-17,-4,-3,-3,-6,-6,2,0,0,"EU",2,"Sweden",2020-02-17,0
"688","Sweden",2020-02-18,0,0,13,-4,-5,1,0,0,"EU",3,"Sweden",2020-02-18,0
"689","Sweden",2020-02-19,3,1,26,-3,-5,1,0,0,"EU",4,"Sweden",2020-02-19,0
"690","Sweden",2020-02-20,1,1,-1,-6,-6,1,0,0,"EU",5,"Sweden",2020-02-20,0
"691","Sweden",2020-02-21,5,0,22,-2,-7,1,0,0,"EU",6,"Sweden",2020-02-21,0
"692","Sweden",2020-02-22,0,-1,-10,-2,-3,1,0,0,"EU",7,"Sweden",2020-02-22,0
"693","Sweden",2020-02-23,2,0,23,0,-1,0,0,0,"EU",8,"Sweden",2020-02-23,0
"694","Sweden",2020-02-24,2,0,24,-3,-4,1,0,0,"EU",9,"Sweden",2020-02-24,0
"695","Sweden",2020-02-25,8,9,8,-3,-4,1,0,0,"EU",10,"Sweden",2020-02-25,0
"696","Sweden",2020-02-26,5,2,4,-5,-4,1,0,0,"EU",11,"Sweden",2020-02-26,0
"697","Sweden",2020-02-27,7,4,10,-2,-5,1,0,0,"EU",12,"Sweden",2020-02-27,0
"698","Sweden",2020-02-28,7,2,16,-1,-6,1,0,0,"EU",13,"Sweden",2020-02-28,0
"699","Sweden",2020-02-29,8,4,8,5,0,0,0,0,"EU",14,"Sweden",2020-02-29,0
"700","Sweden",2020-03-01,-1,-2,-7,-6,-2,1,0,0,"EU",15,"Sweden",2020-03-01,0
"701","Sweden",2020-03-02,1,2,10,-3,-2,1,0,0,"EU",16,"Sweden",2020-03-02,0
"702","Sweden",2020-03-03,0,2,5,-4,-2,1,0,0,"EU",17,"Sweden",2020-03-03,0
"703","Sweden",2020-03-04,-2,-1,-2,-5,-2,1,0,0,"EU",18,"Sweden",2020-03-04,0
"704","Sweden",2020-03-05,0,3,8,-4,-2,1,0,0,"EU",19,"Sweden",2020-03-05,0
"705","Sweden",2020-03-06,2,1,24,-1,-2,1,0,0,"EU",20,"Sweden",2020-03-06,0
"706","Sweden",2020-03-07,5,4,36,6,0,0,0,0,"EU",21,"Sweden",2020-03-07,0
"707","Sweden",2020-03-08,1,-2,0,-6,-1,1,0,0,"EU",22,"Sweden",2020-03-08,0
"708","Sweden",2020-03-09,-2,0,8,-5,0,1,0,0,"EU",23,"Sweden",2020-03-09,11.11
"709","Sweden",2020-03-10,-4,1,3,-6,0,1,1,0.0988559402040189,"EU",24,"Sweden",2020-03-10,11.11
"710","Sweden",2020-03-11,-4,4,10,-7,-1,2,1,0,"EU",25,"Sweden",2020-03-11,11.11
"711","Sweden",2020-03-12,-12,11,-17,-16,-4,4,2,0.0988559402040189,"EU",26,"Sweden",2020-03-12,16.67
"712","Sweden",2020-03-13,-13,8,-4,-19,-10,6,3,0.0988559402040189,"EU",27,"Sweden",2020-03-13,16.67
"713","Sweden",2020-03-14,-17,9,59,-13,-6,3,5,0.197711880408038,"EU",28,"Sweden",2020-03-14,16.67
"714","Sweden",2020-03-15,-25,-2,-15,-30,-10,5,7,0.197711880408038,"EU",29,"Sweden",2020-03-15,16.67
"715","Sweden",2020-03-16,-19,3,11,-25,-17,8,8,0.0988559402040189,"EU",30,"Sweden",2020-03-16,16.67
"716","Sweden",2020-03-17,-24,0,2,-32,-21,9,14,0.593135641224113,"EU",31,"Sweden",2020-03-17,16.67
"717","Sweden",2020-03-18,-26,-3,1,-37,-27,11,21,0.691991581428132,"EU",32,"Sweden",2020-03-18,20.37
"718","Sweden",2020-03-19,-22,-2,40,-35,-28,11,30,0.88970346183617,"EU",33,"Sweden",2020-03-19,28.7
"719","Sweden",2020-03-20,-24,-5,11,-37,-28,12,38,0.790847521632151,"EU",34,"Sweden",2020-03-20,28.7
"720","Sweden",2020-03-21,-26,-5,66,-28,-13,6,49,1.08741534224421,"EU",35,"Sweden",2020-03-21,28.7
"721","Sweden",2020-03-22,-26,-9,57,-33,-15,5,60,1.08741534224421,"EU",36,"Sweden",2020-03-22,28.7
"722","Sweden",2020-03-23,-25,-8,8,-38,-27,11,81,2.0759747442844,"EU",37,"Sweden",2020-03-23,28.7
"723","Sweden",2020-03-24,-25,-7,22,-37,-28,11,103,2.17483068448842,"EU",38,"Sweden",2020-03-24,28.7
"724","Sweden",2020-03-25,-19,1,25,-36,-28,11,134,3.06453414632459,"EU",39,"Sweden",2020-03-25,32.41
"725","Sweden",2020-03-26,-18,-2,48,-35,-28,11,166,3.1633900865286,"EU",40,"Sweden",2020-03-26,32.41
"726","Sweden",2020-03-27,-19,-5,43,-35,-29,11,201,3.45995790714066,"EU",41,"Sweden",2020-03-27,32.41
"727","Sweden",2020-03-28,-24,-4,52,-29,-15,6,239,3.75652572775272,"EU",42,"Sweden",2020-03-28,32.41
"728","Sweden",2020-03-29,-24,-10,43,-36,-18,5,284,4.44851730918085,"EU",43,"Sweden",2020-03-29,35.19
"729","Sweden",2020-03-30,-22,-10,8,-39,-29,11,332,4.74508512979291,"EU",44,"Sweden",2020-03-30,35.19
"730","Sweden",2020-03-31,-22,-7,27,-37,-29,11,385,5.239364830813,"EU",45,"Sweden",2020-03-31,35.19
"731","Sweden",2020-04-01,-22,-5,27,-38,-29,11,455,6.91991581428132,"EU",46,"Sweden",2020-04-01,40.74
"732","Sweden",2020-04-02,-27,-8,-6,-43,-30,13,535,7.90847521632151,"EU",47,"Sweden",2020-04-02,40.74
"733","Sweden",2020-04-03,-25,-7,6,-41,-31,13,605,6.91991581428132,"EU",48,"Sweden",2020-04-03,40.74
"734","Sweden",2020-04-04,-26,-5,57,-32,-16,6,690,8.40275491734161,"EU",49,"Sweden",2020-04-04,46.3
"735","Sweden",2020-04-05,-25,-9,69,-37,-18,6,780,8.8970346183617,"EU",50,"Sweden",2020-04-05,46.3
"736","Sweden",2020-04-06,-12,-2,92,-35,-36,11,864,8.30389897713759,"EU",51,"Sweden",2020-04-06,46.3
"737","Sweden",2020-04-07,-13,2,65,-37,-36,11,979,11.3684331234622,"EU",52,"Sweden",2020-04-07,46.3
"738","Sweden",2020-04-08,-8,9,77,-36,-37,10,1065,8.50161085754563,"EU",53,"Sweden",2020-04-08,46.3
"739","Sweden",2020-04-09,-3,18,81,-37,-44,12,1155,8.8970346183617,"EU",54,"Sweden",2020-04-09,46.3
"740","Sweden",2020-04-10,-45,-20,129,-54,-80,21,1258,10.1821618410139,"EU",55,"Sweden",2020-04-10,46.3
"741","Sweden",2020-04-11,-41,-15,84,-36,-24,6,1355,9.58902619978983,"EU",56,"Sweden",2020-04-11,46.3
"742","Sweden",2020-04-12,-34,-17,54,-43,-24,6,1440,8.40275491734161,"EU",57,"Sweden",2020-04-12,46.3
"743","Sweden",2020-04-13,-38,-20,43,-61,-82,23,1531,8.99589055856572,"EU",58,"Sweden",2020-04-13,46.3
"744","Sweden",2020-04-14,-19,-6,32,-38,-31,11,1646,11.3684331234622,"EU",59,"Sweden",2020-04-14,46.3
"745","Sweden",2020-04-15,-19,-5,63,-35,-31,11,1757,10.9730093626461,"EU",60,"Sweden",2020-04-15,46.3
"746","Sweden",2020-04-16,-19,-3,50,-37,-31,11,1839,8.10618709672955,"EU",61,"Sweden",2020-04-16,46.3
"747","Sweden",2020-04-17,-18,-3,56,-36,-32,11,1925,8.50161085754563,"EU",62,"Sweden",2020-04-17,46.3
"748","Sweden",2020-04-18,-25,-5,83,-26,-12,5,2013,8.69932273795366,"EU",63,"Sweden",2020-04-18,46.3
"749","Sweden",2020-04-19,-22,-10,104,-31,-13,4,2097,8.30389897713759,"EU",64,"Sweden",2020-04-19,46.3
"750","Sweden",2020-04-20,-12,-4,78,-32,-27,9,2159,6.12906829264917,"EU",65,"Sweden",2020-04-20,46.3
"751","Sweden",2020-04-21,-13,-4,129,-29,-26,8,2236,7.61190739570945,"EU",66,"Sweden",2020-04-21,46.3
"752","Sweden",2020-04-22,-13,-4,124,-30,-25,8,2322,8.50161085754563,"EU",67,"Sweden",2020-04-22,46.3
"753","Sweden",2020-04-23,-13,-2,105,-31,-26,9,2411,8.79817867815768,"EU",68,"Sweden",2020-04-23,46.3
"754","Sweden",2020-04-24,-13,-1,50,-34,-27,10,2484,7.21648363489338,"EU",69,"Sweden",2020-04-24,46.3
"755","Sweden",2020-04-25,-16,-1,73,-24,-10,5,2559,7.41419551530142,"EU",70,"Sweden",2020-04-25,46.3
"756","Sweden",2020-04-26,-13,-5,82,-31,-11,4,2632,7.21648363489338,"EU",71,"Sweden",2020-04-26,46.3
"757","Sweden",2020-04-27,-13,-5,17,-36,-27,10,2714,8.10618709672955,"EU",72,"Sweden",2020-04-27,46.3
"758","Sweden",2020-04-28,-16,-4,23,-36,-26,8,2798,8.30389897713759,"EU",73,"Sweden",2020-04-28,46.3
"759","Sweden",2020-04-29,-13,2,35,-34,-25,9,2876,7.71076333591347,"EU",74,"Sweden",2020-04-29,46.3
"760","Sweden",2020-04-30,-9,14,44,-35,-33,9,2954,7.71076333591347,"EU",75,"Sweden",2020-04-30,46.3
"761","Sweden",2020-05-01,-46,-24,35,-60,-79,23,3027,7.21648363489338,"EU",76,"Sweden",2020-05-01,46.3
"762","Sweden",2020-05-02,-20,-5,81,-27,-12,5,3102,7.41419551530142,"EU",77,"Sweden",2020-05-02,46.3
"763","Sweden",2020-05-03,-18,-8,94,-30,-10,3,3186,8.30389897713759,"EU",78,"Sweden",2020-05-03,46.3
"764","Sweden",2020-05-04,-14,-4,31,-36,-26,9,3258,7.11762769468936,"EU",79,"Sweden",2020-05-04,46.3
"765","Sweden",2020-05-05,-14,-3,72,-33,-24,9,3331,7.21648363489338,"EU",80,"Sweden",2020-05-05,46.3
"766","Sweden",2020-05-06,-14,-2,85,-31,-24,9,3411,7.90847521632151,"EU",81,"Sweden",2020-05-06,46.3
"767","Sweden",2020-05-07,-13,0,86,-31,-24,8,3471,5.93135641224113,"EU",82,"Sweden",2020-05-07,46.3
"768","Sweden",2020-05-08,-14,-1,84,-31,-25,8,3540,6.8210598740773,"EU",83,"Sweden",2020-05-08,46.3
"769","Sweden",2020-05-09,-16,-1,146,-17,-5,2,3614,7.3153395750974,"EU",84,"Sweden",2020-05-09,46.3
"770","Sweden",2020-05-10,-20,-6,34,-39,-11,5,3678,6.32678017305721,"EU",85,"Sweden",2020-05-10,46.3
"771","Sweden",2020-05-11,-13,-2,45,-34,-25,9,3739,6.03021235244515,"EU",86,"Sweden",2020-05-11,46.3
"772","Sweden",2020-05-12,-18,-3,33,-34,-24,9,3789,4.94279701020094,"EU",87,"Sweden",2020-05-12,46.3
"773","Sweden",2020-05-13,-18,-3,48,-34,-23,9,3835,4.54737324938487,"EU",88,"Sweden",2020-05-13,46.3
"774","Sweden",2020-05-14,-16,-1,49,-34,-24,8,3893,5.7336445318331,"EU",89,"Sweden",2020-05-14,46.3
"775","Sweden",2020-05-15,-17,-4,47,-33,-26,9,3942,4.84394106999693,"EU",90,"Sweden",2020-05-15,46.3
"776","Sweden",2020-05-16,-19,-3,56,-26,-7,4,3995,5.239364830813,"EU",91,"Sweden",2020-05-16,46.3
"777","Sweden",2020-05-17,-20,-7,48,-35,-6,5,4056,6.03021235244515,"EU",92,"Sweden",2020-05-17,46.3
"778","Sweden",2020-05-18,-11,-3,61,-32,-24,8,4096,3.95423760816076,"EU",93,"Sweden",2020-05-18,46.3
"779","Sweden",2020-05-19,-10,1,75,-30,-23,8,4150,5.33822077101702,"EU",94,"Sweden",2020-05-19,46.3
"780","Sweden",2020-05-20,5,17,137,-23,-25,5,4204,5.33822077101702,"EU",95,"Sweden",2020-05-20,46.3
"781","Sweden",2020-05-21,-21,0,268,-42,-76,17,4260,5.53593265142506,"EU",96,"Sweden",2020-05-21,46.3
"782","Sweden",2020-05-22,-10,-4,184,-35,-57,12,4316,5.53593265142506,"EU",97,"Sweden",2020-05-22,46.3
"783","Sweden",2020-05-23,-19,-3,61,-30,-7,4,4360,4.34966136897683,"EU",98,"Sweden",2020-05-23,46.3
"784","Sweden",2020-05-24,-15,-7,63,-30,-5,2,4402,4.15194948856879,"EU",99,"Sweden",2020-05-24,46.3
"785","Sweden",2020-05-25,0,5,95,-28,-25,7,4430,2.76796632571253,"EU",100,"Sweden",2020-05-25,46.3
"786","Sweden",2020-05-26,-1,3,163,-24,-21,6,4469,3.85538166795674,"EU",101,"Sweden",2020-05-26,46.3
"787","Sweden",2020-05-27,-2,5,86,-28,-21,7,4509,3.95423760816076,"EU",102,"Sweden",2020-05-27,46.3
"788","Sweden",2020-05-28,0,6,110,-26,-21,7,4549,3.95423760816076,"EU",103,"Sweden",2020-05-28,46.3
"789","Sweden",2020-05-29,-2,2,144,-23,-23,5,4588,3.85538166795674,"EU",104,"Sweden",2020-05-29,46.3
"790","Sweden",2020-05-30,-6,6,186,-7,6,0,4633,4.44851730918085,"EU",105,"Sweden",2020-05-30,46.3
"791","Sweden",2020-05-31,2,11,202,-12,9,-2,4673,3.95423760816076,"EU",106,"Sweden",2020-05-31,46.3
"792","Sweden",2020-06-01,1,5,191,-22,-23,5,4710,3.6576697875487,"EU",107,"Sweden",2020-06-01,46.3
"793","Sweden",2020-06-02,-2,4,182,-23,-21,5,4736,2.57025444530449,"EU",108,"Sweden",2020-06-02,46.3
"794","Sweden",2020-06-03,-1,4,150,-23,-21,6,4781,4.44851730918085,"EU",109,"Sweden",2020-06-03,46.3
"795","Sweden",2020-06-04,-2,5,116,-25,-22,6,4819,3.75652572775272,"EU",110,"Sweden",2020-06-04,46.3
"796","Sweden",2020-06-05,-7,0,75,-28,-26,7,4850,3.06453414632459,"EU",111,"Sweden",2020-06-05,46.3
"797","Sweden",2020-06-06,-19,-2,53,-26,-6,4,4883,3.26224602673262,"EU",112,"Sweden",2020-06-06,46.3
"798","Sweden",2020-06-07,-5,0,119,-21,3,1,4921,3.75652572775272,"EU",113,"Sweden",2020-06-07,46.3
"799","Sweden",2020-06-08,2,4,125,-24,-23,6,4954,3.26224602673262,"EU",114,"Sweden",2020-06-08,46.3
"800","Sweden",2020-06-09,3,5,177,-21,-22,5,4994,3.95423760816076,"EU",115,"Sweden",2020-06-09,46.3
"801","Sweden",2020-06-10,4,6,181,-21,-23,5,5030,3.55881384734468,"EU",116,"Sweden",2020-06-10,46.3
"802","Sweden",2020-06-11,5,9,166,-23,-25,5,5060,2.96567820612057,"EU",117,"Sweden",2020-06-11,46.3
"803","Sweden",2020-06-12,-3,0,174,-23,-29,5,5093,3.26224602673262,"EU",118,"Sweden",2020-06-12,46.3
"804","Sweden",2020-06-13,-9,3,232,-4,8,-1,5120,2.66911038550851,"EU",119,"Sweden",2020-06-13,40.74
"805","Sweden",2020-06-14,-3,5,246,-11,8,-3,5151,3.06453414632459,"EU",120,"Sweden",2020-06-14,40.74
"806","Sweden",2020-06-15,6,8,193,-23,-30,5,5179,2.76796632571253,"EU",121,"Sweden",2020-06-15,38.89
"807","Sweden",2020-06-16,1,8,140,-26,-30,6,5212,3.26224602673262,"EU",122,"Sweden",2020-06-16,38.89
"808","Sweden",2020-06-17,6,18,154,-23,-30,5,5241,2.86682226591655,"EU",123,"Sweden",2020-06-17,38.89
"809","Sweden",2020-06-18,15,39,237,-19,-36,3,5270,2.86682226591655,"EU",124,"Sweden",2020-06-18,38.89
"810","Sweden",2020-06-19,-57,-26,285,-42,-79,10,5299,2.86682226591655,"EU",125,"Sweden",2020-06-19,38.89
"811","Sweden",2020-06-20,-46,-21,227,-22,-17,0,5320,2.0759747442844,"EU",126,"Sweden",2020-06-20,38.89
"812","Sweden",2020-06-21,-4,1,169,-19,2,-3,5341,2.0759747442844,"EU",127,"Sweden",2020-06-21,38.89
"813","Sweden",2020-06-22,7,9,154,-27,-38,7,5366,2.47139850510047,"EU",128,"Sweden",2020-06-22,38.89
"814","Sweden",2020-06-23,4,6,271,-21,-36,5,5388,2.17483068448842,"EU",129,"Sweden",2020-06-23,38.89
"815","Sweden",2020-06-24,1,7,315,-21,-35,4,5412,2.37254256489645,"EU",130,"Sweden",2020-06-24,38.89
"816","Sweden",2020-06-25,6,13,305,-20,-36,4,5424,1.18627128244823,"EU",131,"Sweden",2020-06-25,38.89
"817","Sweden",2020-06-26,-1,2,302,-20,-38,3,5438,1.38398316285626,"EU",132,"Sweden",2020-06-26,38.89
"818","Sweden",2020-06-27,-8,2,321,1,1,-4,5460,2.17483068448842,"EU",133,"Sweden",2020-06-27,38.89
"819","Sweden",2020-06-28,0,4,184,-15,5,-2,5478,1.77940692367234,"EU",134,"Sweden",2020-06-28,38.89
"820","Sweden",2020-06-29,12,8,180,-26,-40,7,5498,1.97711880408038,"EU",135,"Sweden",2020-06-29,38.89
"821","Sweden",2020-06-30,7,6,122,-30,-40,8,5515,1.68055098346832,"EU",136,"Sweden",2020-06-30,38.89
"822","Sweden",2020-07-01,8,6,164,-27,-40,7,5530,1.48283910306028,"EU",137,"Sweden",2020-07-01,38.89
"823","Sweden",2020-07-02,7,7,175,-26,-40,7,5538,0.790847521632151,"EU",138,"Sweden",2020-07-02,38.89
"824","Sweden",2020-07-03,-1,-3,164,-26,-41,7,5553,1.48283910306028,"EU",139,"Sweden",2020-07-03,38.89
"825","Sweden",2020-07-04,-9,-2,96,-17,-4,2,5562,0.88970346183617,"EU",140,"Sweden",2020-07-04,38.89
"826","Sweden",2020-07-05,-8,-3,78,-28,-4,2,5578,1.5816950432643,"EU",141,"Sweden",2020-07-05,38.89
"827","Sweden",2020-07-06,10,8,132,-33,-53,11,5590,1.18627128244823,"EU",142,"Sweden",2020-07-06,38.89
"828","Sweden",2020-07-07,9,7,219,-29,-52,9,5601,1.08741534224421,"EU",143,"Sweden",2020-07-07,38.89
"829","Sweden",2020-07-08,6,6,209,-30,-52,9,5616,1.48283910306028,"EU",144,"Sweden",2020-07-08,38.89
"830","Sweden",2020-07-09,6,6,261,-27,-52,8,5630,1.38398316285626,"EU",145,"Sweden",2020-07-09,38.89
"831","Sweden",2020-07-10,-5,-4,189,-30,-53,9,5641,1.08741534224421,"EU",146,"Sweden",2020-07-10,38.89
"832","Sweden",2020-07-11,-8,-2,200,-8,-1,0,5650,0.88970346183617,"EU",147,"Sweden",2020-07-11,38.89
"833","Sweden",2020-07-12,-1,0,204,-14,0,-1,5664,1.38398316285626,"EU",148,"Sweden",2020-07-12,38.89
"834","Sweden",2020-07-13,14,10,275,-29,-60,10,5672,0.790847521632151,"EU",149,"Sweden",2020-07-13,38.89
"835","Sweden",2020-07-14,7,6,263,-32,-61,11,5678,0.593135641224113,"EU",150,"Sweden",2020-07-14,38.89
"836","Sweden",2020-07-15,8,7,252,-32,-59,10,5686,0.790847521632151,"EU",151,"Sweden",2020-07-15,38.89
"837","Sweden",2020-07-16,4,6,348,-27,-59,9,5694,0.790847521632151,"EU",152,"Sweden",2020-07-16,38.89
"838","Sweden",2020-07-17,-8,-5,369,-25,-59,6,5705,1.08741534224421,"EU",153,"Sweden",2020-07-17,38.89
"839","Sweden",2020-07-18,-11,-4,326,0,-1,-3,5715,0.988559402040189,"EU",154,"Sweden",2020-07-18,38.89
"840","Sweden",2020-07-19,-1,1,286,-9,0,-4,5722,0.691991581428132,"EU",155,"Sweden",2020-07-19,38.89
"841","Sweden",2020-07-20,15,15,257,-31,-62,10,5729,0.691991581428132,"EU",156,"Sweden",2020-07-20,38.89
"842","Sweden",2020-07-21,11,9,308,-30,-62,10,5736,0.691991581428132,"EU",157,"Sweden",2020-07-21,38.89
"843","Sweden",2020-07-22,9,7,342,-28,-60,9,5742,0.593135641224113,"EU",158,"Sweden",2020-07-22,38.89
"844","Sweden",2020-07-23,6,6,302,-30,-61,10,5746,0.395423760816076,"EU",159,"Sweden",2020-07-23,38.89
"845","Sweden",2020-07-24,1,-1,207,-32,-60,10,5747,0.0988559402040189,"EU",160,"Sweden",2020-07-24,38.89
"846","Sweden",2020-07-25,-4,-3,299,1,-1,-3,5749,0.197711880408038,"EU",161,"Sweden",2020-07-25,38.89
"847","Sweden",2020-07-26,4,1,192,-14,-1,-2,5755,0.593135641224113,"EU",162,"Sweden",2020-07-26,38.89
"848","Sweden",2020-07-27,20,13,304,-27,-61,9,5759,0.395423760816076,"EU",163,"Sweden",2020-07-27,38.89
"849","Sweden",2020-07-28,13,8,235,-32,-61,11,5760,0.0988559402040189,"EU",164,"Sweden",2020-07-28,38.89
"850","Sweden",2020-07-29,11,7,216,-32,-60,11,5760,0,"EU",165,"Sweden",2020-07-29,38.89
"851","Sweden",2020-07-30,9,7,217,-33,-61,10,5763,0.296567820612057,"EU",166,"Sweden",2020-07-30,38.89
"852","Sweden",2020-07-31,-4,-6,322,-27,-59,7,5766,0.296567820612057,"EU",167,"Sweden",2020-07-31,37.04
"853","Sweden",2020-08-01,-10,-6,374,4,-1,-5,5767,0.0988559402040189,"EU",168,"Sweden",2020-08-01,37.04
"854","Sweden",2020-08-02,1,1,198,-12,1,-3,5772,0.494279701020094,"EU",169,"Sweden",2020-08-02,37.04
"855","Sweden",2020-08-03,12,8,246,-27,-50,7,5774,0.197711880408038,"EU",170,"Sweden",2020-08-03,37.04
"856","Sweden",2020-08-04,9,5,301,-25,-50,7,5775,0.0988559402040189,"EU",171,"Sweden",2020-08-04,37.04
"857","Sweden",2020-08-05,7,5,205,-30,-50,8,5780,0.494279701020094,"EU",172,"Sweden",2020-08-05,37.04
"858","Sweden",2020-08-06,3,5,301,-26,-50,7,5783,0.296567820612057,"EU",173,"Sweden",2020-08-06,37.04
"859","Sweden",2020-08-07,-9,-5,360,-24,-50,4,5785,0.197711880408038,"EU",174,"Sweden",2020-08-07,37.04
"860","Sweden",2020-08-08,-15,-5,380,2,-1,-5,5789,0.395423760816076,"EU",175,"Sweden",2020-08-08,37.04
"861","Sweden",2020-08-09,-4,1,304,-7,3,-6,5791,0.197711880408038,"EU",176,"Sweden",2020-08-09,37.04
"862","Sweden",2020-08-10,5,6,242,-25,-40,5,5795,0.395423760816076,"EU",177,"Sweden",2020-08-10,37.04
"863","Sweden",2020-08-11,2,2,279,-24,-39,5,5798,0.296567820612057,"EU",178,"Sweden",2020-08-11,37.04
"864","Sweden",2020-08-12,2,2,266,-24,-38,5,5803,0.494279701020094,"EU",179,"Sweden",2020-08-12,37.04
"865","Sweden",2020-08-13,0,4,249,-24,-38,5,5803,0,"EU",180,"Sweden",2020-08-13,37.04
"866","Sweden",2020-08-14,-7,-4,273,-24,-39,3,5804,0.0988559402040189,"EU",181,"Sweden",2020-08-14,37.04
"867","Sweden",2020-08-15,-14,-4,342,1,1,-5,5804,0,"EU",182,"Sweden",2020-08-15,37.04
"868","Sweden",2020-08-16,-7,0,292,-8,4,-5,5806,0.197711880408038,"EU",183,"Sweden",2020-08-16,37.04
"869","Sweden",2020-08-17,-1,2,212,-24,-34,4,5812,0.593135641224113,"EU",184,"Sweden",2020-08-17,37.04
"870","Sweden",2020-08-18,-2,1,229,-21,-31,4,5813,0.0988559402040189,"EU",185,"Sweden",2020-08-18,37.04
"871","Sweden",2020-08-19,-3,1,174,-22,-30,4,5814,0.0988559402040189,"EU",186,"Sweden",2020-08-19,37.04
"872","Sweden",2020-08-20,-2,3,140,-23,-30,4,5815,0.0988559402040189,"EU",187,"Sweden",2020-08-20,37.04
"873","Sweden",2020-08-21,-7,-3,133,-22,-30,4,5816,0.0988559402040189,"EU",188,"Sweden",2020-08-21,37.04
"874","Sweden",2020-08-22,-8,-3,152,-11,2,0,5816,0,"EU",189,"Sweden",2020-08-22,37.04
"875","Sweden",2020-08-23,-5,-3,110,-19,3,-1,5816,0,"EU",190,"Sweden",2020-08-23,37.04
"876","Sweden",2020-08-24,-3,-3,106,-24,-28,4,5816,0,"EU",191,"Sweden",2020-08-24,37.04
"877","Sweden",2020-08-25,4,4,139,-20,-28,3,5816,0,"EU",192,"Sweden",2020-08-25,37.04
"878","Sweden",2020-08-26,0,1,98,-23,-27,4,5816,0,"EU",193,"Sweden",2020-08-26,37.04
"879","Sweden",2020-08-27,2,4,106,-22,-27,4,5820,0.395423760816076,"EU",194,"Sweden",2020-08-27,37.04
"880","Sweden",2020-08-28,-2,-3,107,-21,-28,3,5821,0.0988559402040189,"EU",195,"Sweden",2020-08-28,37.04
"881","Sweden",2020-08-29,-5,-3,87,-15,0,0,5821,0,"EU",196,"Sweden",2020-08-29,37.04
"882","Sweden",2020-08-30,0,-2,110,-17,4,-1,5821,0,"EU",197,"Sweden",2020-08-30,37.04
"883","Sweden",2020-08-31,-2,-2,92,-24,-28,4,5808,0,"EU",198,"Sweden",2020-08-31,37.04
"884","Sweden",2020-09-01,-3,-2,138,-20,-28,4,5813,0.494279701020094,"EU",199,"Sweden",2020-09-01,37.04
"885","Sweden",2020-09-02,-5,-2,103,-24,-27,4,5820,0.691991581428132,"EU",200,"Sweden",2020-09-02,37.04
"886","Sweden",2020-09-03,-6,0,85,-25,-28,5,5832,1.18627128244823,"EU",201,"Sweden",2020-09-03,37.04
"887","Sweden",2020-09-04,-6,-3,93,-23,-29,4,5835,0.296567820612057,"EU",202,"Sweden",2020-09-04,37.04
"888","Sweden",2020-09-05,-5,-3,113,-12,0,0,5835,0,"EU",203,"Sweden",2020-09-05,37.04
"889","Sweden",2020-09-06,-6,-4,99,-20,1,0,5835,0,"EU",204,"Sweden",2020-09-06,37.04
"890","Sweden",2020-09-07,-5,-2,99,-24,-28,4,5837,0.197711880408038,"EU",205,"Sweden",2020-09-07,37.04
"891","Sweden",2020-09-08,-8,-3,86,-25,-29,5,5838,0.0988559402040189,"EU",206,"Sweden",2020-09-08,37.04
"892","Sweden",2020-09-09,-10,-4,59,-28,-27,5,5842,0.395423760816076,"EU",207,"Sweden",2020-09-09,37.04
"893","Sweden",2020-09-10,-5,-1,98,-23,-27,4,5843,0.0988559402040189,"EU",208,"Sweden",2020-09-10,37.04
"894","Sweden",2020-09-11,-7,-4,101,-22,-27,3,5846,0.296567820612057,"EU",209,"Sweden",2020-09-11,37.04
"895","Sweden",2020-09-12,-10,-5,75,-17,-3,0,5846,0,"EU",210,"Sweden",2020-09-12,37.04
"896","Sweden",2020-09-13,-8,-5,84,-21,0,-1,5846,0,"EU",211,"Sweden",2020-09-13,37.04
"897","Sweden",2020-09-14,-7,-3,97,-23,-22,3,5846,0,"EU",212,"Sweden",2020-09-14,37.04
"898","Sweden",2020-09-15,-7,-4,133,-20,-22,3,5851,0.494279701020094,"EU",213,"Sweden",2020-09-15,37.04
"899","Sweden",2020-09-16,-9,-5,87,-24,-22,4,5860,0.88970346183617,"EU",214,"Sweden",2020-09-16,37.04
"900","Sweden",2020-09-17,-7,-3,90,-24,-23,3,5864,0.395423760816076,"EU",215,"Sweden",2020-09-17,37.04
"901","Sweden",2020-09-18,-4,-2,110,-20,-23,2,5865,0.0988559402040189,"EU",216,"Sweden",2020-09-18,37.04
"902","Sweden",2020-09-19,-4,-3,152,-7,2,-2,5865,0,"EU",217,"Sweden",2020-09-19,37.04
"903","Sweden",2020-09-20,-7,-4,101,-19,2,-1,5865,0,"EU",218,"Sweden",2020-09-20,37.04
"904","Sweden",2020-09-21,-7,-4,72,-24,-23,4,5865,0,"EU",219,"Sweden",2020-09-21,37.04
"905","Sweden",2020-09-22,-7,-3,99,-23,-21,4,5870,0.494279701020094,"EU",220,"Sweden",2020-09-22,37.04
"906","Sweden",2020-09-23,-8,-4,98,-25,-20,4,5876,0.593135641224113,"EU",221,"Sweden",2020-09-23,37.04
"907","Sweden",2020-09-24,-8,-2,64,-26,-20,4,5878,0.197711880408038,"EU",222,"Sweden",2020-09-24,37.04
"908","Sweden",2020-09-25,0,0,61,-24,-22,3,5880,0.197711880408038,"EU",223,"Sweden",2020-09-25,37.04
"909","Sweden",2020-09-26,0,0,63,-16,2,0,5880,0,"EU",224,"Sweden",2020-09-26,37.04
"910","Sweden",2020-09-27,0,-1,93,-20,4,0,5880,0,"EU",225,"Sweden",2020-09-27,37.04
"911","Sweden",2020-09-28,-6,-3,48,-26,-19,5,5880,0,"EU",226,"Sweden",2020-09-28,37.04
"912","Sweden",2020-09-29,-6,-2,66,-25,-19,4,5890,0.988559402040189,"EU",227,"Sweden",2020-09-29,37.04
"913","Sweden",2020-09-30,-5,-1,73,-25,-19,4,5893,0.296567820612057,"EU",228,"Sweden",2020-09-30,37.04
